id,study,operation,totalcpuusageOS,totalcpuusagepsutils,cpuusagepsutil,memoryusage,timestamp,assemblies,textures,utils,blender,animations,summary
2,micro_3,Op-1,"[1.06, 0.98, 0.98]","[16.7, 21.9, 15.0]","[[10.4, 9.7], [15.1, 12.2], [32.6, 30.1]]","[49.3, 49.4, 49.7]",1685435060.8061717,"[{'k8s_ws3d-assemblies-container_ws3d-assemblies-deployment-68fd8795b7-767vb_default_fe85b67c-3ee1-414e-9bd0-5a4774bad318_5': {'cpu': 0.01, 'memory': 0.32}}, {'k8s_ws3d-assemblies-container_ws3d-assemblies-deployment-68fd8795b7-2ld9z_default_7c9ff908-482d-436b-bf33-19744c7f722b_5': {'cpu': 0.02, 'memory': 0.31}}, {'k8s_ws3d-assemblies-container_ws3d-assemblies-deployment-68fd8795b7-7xbsc_default_d67262cc-3af6-4ec3-b51a-9984968e2b70_5': {'cpu': 0.01, 'memory': 0.32}}]","[{'k8s_ws3d-textures-container_ws3d-textures-deployment-54c56cf96d-qqz89_default_d7d0c096-8f13-407b-b2cc-1a0b35778850_5': {'cpu': 0.01, 'memory': 0.3}}, {'k8s_ws3d-textures-container_ws3d-textures-deployment-54c56cf96d-q2jb6_default_ac296f3e-4a9b-45b0-876d-2995e4804f50_5': {'cpu': 0.02, 'memory': 0.3}}, {'k8s_ws3d-textures-container_ws3d-textures-deployment-54c56cf96d-ztcxv_default_b0424eeb-9464-4b80-ae8e-c3c5384e32c3_5': {'cpu': 0.01, 'memory': 0.32}}]","[{'k8s_ws3d-utils-container_ws3d-utils-deployment-5f87b87585-nhzl5_default_1957e382-12dd-4807-8dea-3b2dd442e2ec_1': {'cpu': 0.02, 'memory': 0.31}}, {'k8s_ws3d-utils-container_ws3d-utils-deployment-5f87b87585-6kl2x_default_330ffd66-181a-44d5-a07a-9c9e7bb7cf13_1': {'cpu': 0.01, 'memory': 0.31}}, {'k8s_ws3d-utils-container_ws3d-utils-deployment-5f87b87585-dr7f4_default_e656becc-9e50-4ce8-9064-bc47f86729af_1': {'cpu': 0.02, 'memory': 0.32}}]","[{'k8s_ws3d-blender-container_ws3d-blender-deployment-d5ff5b6bb-9vsnv_default_ce38a9b2-fe21-4a03-ab2c-1041f66cddfb_1': {'cpu': 0.01, 'memory': 2.03}}, {'k8s_ws3d-blender-container_ws3d-blender-deployment-d5ff5b6bb-f8qn2_default_028d4535-9f0f-43ef-ac16-e4cc1fc3b17d_1': {'cpu': 117.63, 'memory': 2.35}}, {'k8s_ws3d-blender-container_ws3d-blender-deployment-d5ff5b6bb-vxbpp_default_104fda27-8e56-468f-a9f9-ec5b1273df68_1': {'cpu': 154.96, 'memory': 2.56}}]","[{'k8s_ws3d-animations-container_ws3d-animations-deployment-5b5b9bfd4f-zs855_default_a2cd75d2-5c22-4af6-a5e8-af3d41d8a36c_5': {'cpu': 0.67, 'memory': 0.33}}, {'k8s_ws3d-animations-container_ws3d-animations-deployment-5b5b9bfd4f-4lc96_default_3a6df3dc-37c2-4e17-a2a2-f5348709d02b_5': {'cpu': 0.02, 'memory': 0.33}}, {'k8s_ws3d-animations-container_ws3d-animations-deployment-5b5b9bfd4f-hdldc_default_1d728723-aeb0-4db7-b093-6d829903a5b9_5': {'cpu': 0.02, 'memory': 0.32}}]","[{'blender': {'cpu': 272.6, 'memory': 6.94}}, {'utils': {'cpu': 0.05, 'memory': 0.94}}, {'assemblies': {'cpu': 0.04, 'memory': 0.95}}, {'animations': {'cpu': 0.71, 'memory': 0.98}}, {'textures': {'cpu': 0.04, 'memory': 0.92}}]"
1,micro_3,Op-1,"[1.06, 1.06, 0.98]","[20.4, 17.3, 15.0]","[[10.5, 7.4], [15.6, 14.3], [18.3, 18.2]]","[49.3, 49.4, 49.4]",1685435060.4774318,"[{'k8s_ws3d-assemblies-container_ws3d-assemblies-deployment-68fd8795b7-767vb_default_fe85b67c-3ee1-414e-9bd0-5a4774bad318_5': {'cpu': 0.01, 'memory': 0.32}}, {'k8s_ws3d-assemblies-container_ws3d-assemblies-deployment-68fd8795b7-2ld9z_default_7c9ff908-482d-436b-bf33-19744c7f722b_5': {'cpu': 0.02, 'memory': 0.31}}, {'k8s_ws3d-assemblies-container_ws3d-assemblies-deployment-68fd8795b7-7xbsc_default_d67262cc-3af6-4ec3-b51a-9984968e2b70_5': {'cpu': 0.01, 'memory': 0.32}}]","[{'k8s_ws3d-textures-container_ws3d-textures-deployment-54c56cf96d-qqz89_default_d7d0c096-8f13-407b-b2cc-1a0b35778850_5': {'cpu': 0.01, 'memory': 0.3}}, {'k8s_ws3d-textures-container_ws3d-textures-deployment-54c56cf96d-q2jb6_default_ac296f3e-4a9b-45b0-876d-2995e4804f50_5': {'cpu': 0.02, 'memory': 0.3}}, {'k8s_ws3d-textures-container_ws3d-textures-deployment-54c56cf96d-ztcxv_default_b0424eeb-9464-4b80-ae8e-c3c5384e32c3_5': {'cpu': 0.01, 'memory': 0.32}}]","[{'k8s_ws3d-utils-container_ws3d-utils-deployment-5f87b87585-nhzl5_default_1957e382-12dd-4807-8dea-3b2dd442e2ec_1': {'cpu': 0.02, 'memory': 0.31}}, {'k8s_ws3d-utils-container_ws3d-utils-deployment-5f87b87585-6kl2x_default_330ffd66-181a-44d5-a07a-9c9e7bb7cf13_1': {'cpu': 0.01, 'memory': 0.31}}, {'k8s_ws3d-utils-container_ws3d-utils-deployment-5f87b87585-dr7f4_default_e656becc-9e50-4ce8-9064-bc47f86729af_1': {'cpu': 0.02, 'memory': 0.32}}]","[{'k8s_ws3d-blender-container_ws3d-blender-deployment-d5ff5b6bb-9vsnv_default_ce38a9b2-fe21-4a03-ab2c-1041f66cddfb_1': {'cpu': 0.01, 'memory': 2.03}}, {'k8s_ws3d-blender-container_ws3d-blender-deployment-d5ff5b6bb-f8qn2_default_028d4535-9f0f-43ef-ac16-e4cc1fc3b17d_1': {'cpu': 117.63, 'memory': 2.35}}, {'k8s_ws3d-blender-container_ws3d-blender-deployment-d5ff5b6bb-vxbpp_default_104fda27-8e56-468f-a9f9-ec5b1273df68_1': {'cpu': 154.96, 'memory': 2.56}}]","[{'k8s_ws3d-animations-container_ws3d-animations-deployment-5b5b9bfd4f-zs855_default_a2cd75d2-5c22-4af6-a5e8-af3d41d8a36c_5': {'cpu': 0.67, 'memory': 0.33}}, {'k8s_ws3d-animations-container_ws3d-animations-deployment-5b5b9bfd4f-4lc96_default_3a6df3dc-37c2-4e17-a2a2-f5348709d02b_5': {'cpu': 0.02, 'memory': 0.33}}, {'k8s_ws3d-animations-container_ws3d-animations-deployment-5b5b9bfd4f-hdldc_default_1d728723-aeb0-4db7-b093-6d829903a5b9_5': {'cpu': 0.02, 'memory': 0.32}}]","[{'blender': {'cpu': 272.6, 'memory': 6.94}}, {'utils': {'cpu': 0.05, 'memory': 0.94}}, {'assemblies': {'cpu': 0.04, 'memory': 0.95}}, {'animations': {'cpu': 0.71, 'memory': 0.98}}, {'textures': {'cpu': 0.04, 'memory': 0.92}}]"
3,micro_3,Op-1,"[1.06, 0.98, 0.98]","[11.5, 23.3, 14.7]","[[9.6, 6.7], [14.7, 12.9], [52.9, 43.4]]","[49.3, 49.4, 50.1]",1685435061.111909,"[{'k8s_ws3d-assemblies-container_ws3d-assemblies-deployment-68fd8795b7-767vb_default_fe85b67c-3ee1-414e-9bd0-5a4774bad318_5': {'cpu': 0.01, 'memory': 0.32}}, {'k8s_ws3d-assemblies-container_ws3d-assemblies-deployment-68fd8795b7-2ld9z_default_7c9ff908-482d-436b-bf33-19744c7f722b_5': {'cpu': 0.02, 'memory': 0.31}}, {'k8s_ws3d-assemblies-container_ws3d-assemblies-deployment-68fd8795b7-7xbsc_default_d67262cc-3af6-4ec3-b51a-9984968e2b70_5': {'cpu': 0.01, 'memory': 0.32}}]","[{'k8s_ws3d-textures-container_ws3d-textures-deployment-54c56cf96d-qqz89_default_d7d0c096-8f13-407b-b2cc-1a0b35778850_5': {'cpu': 0.01, 'memory': 0.3}}, {'k8s_ws3d-textures-container_ws3d-textures-deployment-54c56cf96d-q2jb6_default_ac296f3e-4a9b-45b0-876d-2995e4804f50_5': {'cpu': 0.02, 'memory': 0.3}}, {'k8s_ws3d-textures-container_ws3d-textures-deployment-54c56cf96d-ztcxv_default_b0424eeb-9464-4b80-ae8e-c3c5384e32c3_5': {'cpu': 0.01, 'memory': 0.32}}]","[{'k8s_ws3d-utils-container_ws3d-utils-deployment-5f87b87585-nhzl5_default_1957e382-12dd-4807-8dea-3b2dd442e2ec_1': {'cpu': 0.02, 'memory': 0.31}}, {'k8s_ws3d-utils-container_ws3d-utils-deployment-5f87b87585-6kl2x_default_330ffd66-181a-44d5-a07a-9c9e7bb7cf13_1': {'cpu': 0.01, 'memory': 0.31}}, {'k8s_ws3d-utils-container_ws3d-utils-deployment-5f87b87585-dr7f4_default_e656becc-9e50-4ce8-9064-bc47f86729af_1': {'cpu': 0.02, 'memory': 0.32}}]","[{'k8s_ws3d-blender-container_ws3d-blender-deployment-d5ff5b6bb-9vsnv_default_ce38a9b2-fe21-4a03-ab2c-1041f66cddfb_1': {'cpu': 0.01, 'memory': 2.03}}, {'k8s_ws3d-blender-container_ws3d-blender-deployment-d5ff5b6bb-f8qn2_default_028d4535-9f0f-43ef-ac16-e4cc1fc3b17d_1': {'cpu': 117.63, 'memory': 2.35}}, {'k8s_ws3d-blender-container_ws3d-blender-deployment-d5ff5b6bb-vxbpp_default_104fda27-8e56-468f-a9f9-ec5b1273df68_1': {'cpu': 154.96, 'memory': 2.56}}]","[{'k8s_ws3d-animations-container_ws3d-animations-deployment-5b5b9bfd4f-zs855_default_a2cd75d2-5c22-4af6-a5e8-af3d41d8a36c_5': {'cpu': 0.67, 'memory': 0.33}}, {'k8s_ws3d-animations-container_ws3d-animations-deployment-5b5b9bfd4f-4lc96_default_3a6df3dc-37c2-4e17-a2a2-f5348709d02b_5': {'cpu': 0.02, 'memory': 0.33}}, {'k8s_ws3d-animations-container_ws3d-animations-deployment-5b5b9bfd4f-hdldc_default_1d728723-aeb0-4db7-b093-6d829903a5b9_5': {'cpu': 0.02, 'memory': 0.32}}]","[{'blender': {'cpu': 272.6, 'memory': 6.94}}, {'utils': {'cpu': 0.05, 'memory': 0.94}}, {'assemblies': {'cpu': 0.04, 'memory': 0.95}}, {'animations': {'cpu': 0.71, 'memory': 0.98}}, {'textures': {'cpu': 0.04, 'memory': 0.92}}]"
1,micro_3,Op-2,"[1.91, 1.91, 2.48]","[55.8, 54.3, 56.8]","[[50.5, 13.0], [97.9, 18.9], [97.9, 10.8]]","[50.2, 51.1, 51.0]",1685435075.4145746,"[{'k8s_ws3d-assemblies-container_ws3d-assemblies-deployment-68fd8795b7-767vb_default_fe85b67c-3ee1-414e-9bd0-5a4774bad318_5': {'cpu': 0.02, 'memory': 0.32}}, {'k8s_ws3d-assemblies-container_ws3d-assemblies-deployment-68fd8795b7-2ld9z_default_7c9ff908-482d-436b-bf33-19744c7f722b_5': {'cpu': 0.02, 'memory': 0.31}}, {'k8s_ws3d-assemblies-container_ws3d-assemblies-deployment-68fd8795b7-7xbsc_default_d67262cc-3af6-4ec3-b51a-9984968e2b70_5': {'cpu': 0.24, 'memory': 0.32}}]","[{'k8s_ws3d-textures-container_ws3d-textures-deployment-54c56cf96d-qqz89_default_d7d0c096-8f13-407b-b2cc-1a0b35778850_5': {'cpu': 0.02, 'memory': 0.3}}, {'k8s_ws3d-textures-container_ws3d-textures-deployment-54c56cf96d-q2jb6_default_ac296f3e-4a9b-45b0-876d-2995e4804f50_5': {'cpu': 0.02, 'memory': 0.3}}, {'k8s_ws3d-textures-container_ws3d-textures-deployment-54c56cf96d-ztcxv_default_b0424eeb-9464-4b80-ae8e-c3c5384e32c3_5': {'cpu': 0.01, 'memory': 0.32}}]","[{'k8s_ws3d-utils-container_ws3d-utils-deployment-5f87b87585-nhzl5_default_1957e382-12dd-4807-8dea-3b2dd442e2ec_1': {'cpu': 0.01, 'memory': 0.31}}, {'k8s_ws3d-utils-container_ws3d-utils-deployment-5f87b87585-6kl2x_default_330ffd66-181a-44d5-a07a-9c9e7bb7cf13_1': {'cpu': 0.02, 'memory': 0.31}}, {'k8s_ws3d-utils-container_ws3d-utils-deployment-5f87b87585-dr7f4_default_e656becc-9e50-4ce8-9064-bc47f86729af_1': {'cpu': 0.02, 'memory': 0.32}}]","[{'k8s_ws3d-blender-container_ws3d-blender-deployment-d5ff5b6bb-9vsnv_default_ce38a9b2-fe21-4a03-ab2c-1041f66cddfb_1': {'cpu': 0.01, 'memory': 2.03}}, {'k8s_ws3d-blender-container_ws3d-blender-deployment-d5ff5b6bb-f8qn2_default_028d4535-9f0f-43ef-ac16-e4cc1fc3b17d_1': {'cpu': 112.59, 'memory': 2.39}}, {'k8s_ws3d-blender-container_ws3d-blender-deployment-d5ff5b6bb-vxbpp_default_104fda27-8e56-468f-a9f9-ec5b1273df68_1': {'cpu': 153.5, 'memory': 2.58}}]","[{'k8s_ws3d-animations-container_ws3d-animations-deployment-5b5b9bfd4f-zs855_default_a2cd75d2-5c22-4af6-a5e8-af3d41d8a36c_5': {'cpu': 0.01, 'memory': 0.33}}, {'k8s_ws3d-animations-container_ws3d-animations-deployment-5b5b9bfd4f-4lc96_default_3a6df3dc-37c2-4e17-a2a2-f5348709d02b_5': {'cpu': 0.01, 'memory': 0.33}}, {'k8s_ws3d-animations-container_ws3d-animations-deployment-5b5b9bfd4f-hdldc_default_1d728723-aeb0-4db7-b093-6d829903a5b9_5': {'cpu': 0.02, 'memory': 0.32}}]","[{'blender': {'cpu': 266.1, 'memory': 7.0}}, {'utils': {'cpu': 0.05, 'memory': 0.94}}, {'assemblies': {'cpu': 0.28, 'memory': 0.95}}, {'animations': {'cpu': 0.04, 'memory': 0.98}}, {'textures': {'cpu': 0.05, 'memory': 0.92}}]"
2,micro_3,Op-2,"[1.91, 2.48, 2.48]","[32.6, 59.3, 56.1]","[[99.0, 7.3], [97.0, 12.9], [96.7, 19.8]]","[50.9, 51.0, 51.2]",1685435076.4322393,"[{'k8s_ws3d-assemblies-container_ws3d-assemblies-deployment-68fd8795b7-767vb_default_fe85b67c-3ee1-414e-9bd0-5a4774bad318_5': {'cpu': 0.02, 'memory': 0.32}}, {'k8s_ws3d-assemblies-container_ws3d-assemblies-deployment-68fd8795b7-2ld9z_default_7c9ff908-482d-436b-bf33-19744c7f722b_5': {'cpu': 0.02, 'memory': 0.31}}, {'k8s_ws3d-assemblies-container_ws3d-assemblies-deployment-68fd8795b7-7xbsc_default_d67262cc-3af6-4ec3-b51a-9984968e2b70_5': {'cpu': 0.24, 'memory': 0.32}}]","[{'k8s_ws3d-textures-container_ws3d-textures-deployment-54c56cf96d-qqz89_default_d7d0c096-8f13-407b-b2cc-1a0b35778850_5': {'cpu': 0.02, 'memory': 0.3}}, {'k8s_ws3d-textures-container_ws3d-textures-deployment-54c56cf96d-q2jb6_default_ac296f3e-4a9b-45b0-876d-2995e4804f50_5': {'cpu': 0.02, 'memory': 0.3}}, {'k8s_ws3d-textures-container_ws3d-textures-deployment-54c56cf96d-ztcxv_default_b0424eeb-9464-4b80-ae8e-c3c5384e32c3_5': {'cpu': 0.01, 'memory': 0.32}}]","[{'k8s_ws3d-utils-container_ws3d-utils-deployment-5f87b87585-nhzl5_default_1957e382-12dd-4807-8dea-3b2dd442e2ec_1': {'cpu': 0.01, 'memory': 0.31}}, {'k8s_ws3d-utils-container_ws3d-utils-deployment-5f87b87585-6kl2x_default_330ffd66-181a-44d5-a07a-9c9e7bb7cf13_1': {'cpu': 0.02, 'memory': 0.31}}, {'k8s_ws3d-utils-container_ws3d-utils-deployment-5f87b87585-dr7f4_default_e656becc-9e50-4ce8-9064-bc47f86729af_1': {'cpu': 0.01, 'memory': 0.32}}]","[{'k8s_ws3d-blender-container_ws3d-blender-deployment-d5ff5b6bb-9vsnv_default_ce38a9b2-fe21-4a03-ab2c-1041f66cddfb_1': {'cpu': 0.01, 'memory': 2.03}}, {'k8s_ws3d-blender-container_ws3d-blender-deployment-d5ff5b6bb-f8qn2_default_028d4535-9f0f-43ef-ac16-e4cc1fc3b17d_1': {'cpu': 112.59, 'memory': 2.39}}, {'k8s_ws3d-blender-container_ws3d-blender-deployment-d5ff5b6bb-vxbpp_default_104fda27-8e56-468f-a9f9-ec5b1273df68_1': {'cpu': 153.5, 'memory': 2.58}}]","[{'k8s_ws3d-animations-container_ws3d-animations-deployment-5b5b9bfd4f-zs855_default_a2cd75d2-5c22-4af6-a5e8-af3d41d8a36c_5': {'cpu': 0.01, 'memory': 0.33}}, {'k8s_ws3d-animations-container_ws3d-animations-deployment-5b5b9bfd4f-4lc96_default_3a6df3dc-37c2-4e17-a2a2-f5348709d02b_5': {'cpu': 0.01, 'memory': 0.33}}, {'k8s_ws3d-animations-container_ws3d-animations-deployment-5b5b9bfd4f-hdldc_default_1d728723-aeb0-4db7-b093-6d829903a5b9_5': {'cpu': 0.02, 'memory': 0.32}}]","[{'blender': {'cpu': 266.1, 'memory': 7.0}}, {'utils': {'cpu': 0.04, 'memory': 0.94}}, {'assemblies': {'cpu': 0.28, 'memory': 0.95}}, {'animations': {'cpu': 0.04, 'memory': 0.98}}, {'textures': {'cpu': 0.05, 'memory': 0.92}}]"
3,micro_3,Op-2,"[3.8, 3.8, 3.8]","[53.4, 58.3, 53.2]","[[97.0, 12.5], [97.0, 11.0], [97.0, 9.7]]","[51.0, 51.0, 51.0]",1685435087.8939774,"[{'k8s_ws3d-assemblies-container_ws3d-assemblies-deployment-68fd8795b7-767vb_default_fe85b67c-3ee1-414e-9bd0-5a4774bad318_5': {'cpu': 0.02, 'memory': 0.32}}, {'k8s_ws3d-assemblies-container_ws3d-assemblies-deployment-68fd8795b7-2ld9z_default_7c9ff908-482d-436b-bf33-19744c7f722b_5': {'cpu': 0.03, 'memory': 0.31}}, {'k8s_ws3d-assemblies-container_ws3d-assemblies-deployment-68fd8795b7-7xbsc_default_d67262cc-3af6-4ec3-b51a-9984968e2b70_5': {'cpu': 0.02, 'memory': 0.32}}]","[{'k8s_ws3d-textures-container_ws3d-textures-deployment-54c56cf96d-qqz89_default_d7d0c096-8f13-407b-b2cc-1a0b35778850_5': {'cpu': 0.02, 'memory': 0.3}}, {'k8s_ws3d-textures-container_ws3d-textures-deployment-54c56cf96d-q2jb6_default_ac296f3e-4a9b-45b0-876d-2995e4804f50_5': {'cpu': 0.01, 'memory': 0.3}}, {'k8s_ws3d-textures-container_ws3d-textures-deployment-54c56cf96d-ztcxv_default_b0424eeb-9464-4b80-ae8e-c3c5384e32c3_5': {'cpu': 0.02, 'memory': 0.32}}]","[{'k8s_ws3d-utils-container_ws3d-utils-deployment-5f87b87585-nhzl5_default_1957e382-12dd-4807-8dea-3b2dd442e2ec_1': {'cpu': 0.02, 'memory': 0.31}}, {'k8s_ws3d-utils-container_ws3d-utils-deployment-5f87b87585-6kl2x_default_330ffd66-181a-44d5-a07a-9c9e7bb7cf13_1': {'cpu': 0.02, 'memory': 0.31}}, {'k8s_ws3d-utils-container_ws3d-utils-deployment-5f87b87585-dr7f4_default_e656becc-9e50-4ce8-9064-bc47f86729af_1': {'cpu': 0.02, 'memory': 0.32}}]","[{'k8s_ws3d-blender-container_ws3d-blender-deployment-d5ff5b6bb-9vsnv_default_ce38a9b2-fe21-4a03-ab2c-1041f66cddfb_1': {'cpu': 163.76, 'memory': 3.4}}, {'k8s_ws3d-blender-container_ws3d-blender-deployment-d5ff5b6bb-f8qn2_default_028d4535-9f0f-43ef-ac16-e4cc1fc3b17d_1': {'cpu': 0.02, 'memory': 1.08}}, {'k8s_ws3d-blender-container_ws3d-blender-deployment-d5ff5b6bb-vxbpp_default_104fda27-8e56-468f-a9f9-ec5b1273df68_1': {'cpu': 180.29, 'memory': 3.04}}]","[{'k8s_ws3d-animations-container_ws3d-animations-deployment-5b5b9bfd4f-zs855_default_a2cd75d2-5c22-4af6-a5e8-af3d41d8a36c_5': {'cpu': 0.01, 'memory': 0.33}}, {'k8s_ws3d-animations-container_ws3d-animations-deployment-5b5b9bfd4f-4lc96_default_3a6df3dc-37c2-4e17-a2a2-f5348709d02b_5': {'cpu': 0.02, 'memory': 0.33}}, {'k8s_ws3d-animations-container_ws3d-animations-deployment-5b5b9bfd4f-hdldc_default_1d728723-aeb0-4db7-b093-6d829903a5b9_5': {'cpu': 0.02, 'memory': 0.32}}]","[{'blender': {'cpu': 344.07, 'memory': 7.52}}, {'utils': {'cpu': 0.06, 'memory': 0.94}}, {'assemblies': {'cpu': 0.07, 'memory': 0.95}}, {'animations': {'cpu': 0.05, 'memory': 0.98}}, {'textures': {'cpu': 0.05, 'memory': 0.92}}]"
1,micro_3,Op-3,"[3.65, 3.68, 3.68]","[73.1, 73.2, 89.0]","[[98.1, 92.3], [58.5, 68.0], [22.8, 94.5]]","[52.5, 52.7, 51.0]",1685435096.879242,"[{'k8s_ws3d-assemblies-container_ws3d-assemblies-deployment-68fd8795b7-767vb_default_fe85b67c-3ee1-414e-9bd0-5a4774bad318_5': {'cpu': 0.01, 'memory': 0.32}}, {'k8s_ws3d-assemblies-container_ws3d-assemblies-deployment-68fd8795b7-2ld9z_default_7c9ff908-482d-436b-bf33-19744c7f722b_5': {'cpu': 0.01, 'memory': 0.31}}, {'k8s_ws3d-assemblies-container_ws3d-assemblies-deployment-68fd8795b7-7xbsc_default_d67262cc-3af6-4ec3-b51a-9984968e2b70_5': {'cpu': 0.01, 'memory': 0.32}}]","[{'k8s_ws3d-textures-container_ws3d-textures-deployment-54c56cf96d-qqz89_default_d7d0c096-8f13-407b-b2cc-1a0b35778850_5': {'cpu': 0.01, 'memory': 0.3}}, {'k8s_ws3d-textures-container_ws3d-textures-deployment-54c56cf96d-q2jb6_default_ac296f3e-4a9b-45b0-876d-2995e4804f50_5': {'cpu': 0.01, 'memory': 0.3}}, {'k8s_ws3d-textures-container_ws3d-textures-deployment-54c56cf96d-ztcxv_default_b0424eeb-9464-4b80-ae8e-c3c5384e32c3_5': {'cpu': 0.01, 'memory': 0.32}}]","[{'k8s_ws3d-utils-container_ws3d-utils-deployment-5f87b87585-nhzl5_default_1957e382-12dd-4807-8dea-3b2dd442e2ec_1': {'cpu': 0.01, 'memory': 0.31}}, {'k8s_ws3d-utils-container_ws3d-utils-deployment-5f87b87585-6kl2x_default_330ffd66-181a-44d5-a07a-9c9e7bb7cf13_1': {'cpu': 0.01, 'memory': 0.31}}, {'k8s_ws3d-utils-container_ws3d-utils-deployment-5f87b87585-dr7f4_default_e656becc-9e50-4ce8-9064-bc47f86729af_1': {'cpu': 0.01, 'memory': 0.32}}]","[{'k8s_ws3d-blender-container_ws3d-blender-deployment-d5ff5b6bb-9vsnv_default_ce38a9b2-fe21-4a03-ab2c-1041f66cddfb_1': {'cpu': 0.01, 'memory': 2.03}}, {'k8s_ws3d-blender-container_ws3d-blender-deployment-d5ff5b6bb-f8qn2_default_028d4535-9f0f-43ef-ac16-e4cc1fc3b17d_1': {'cpu': 0.01, 'memory': 1.08}}, {'k8s_ws3d-blender-container_ws3d-blender-deployment-d5ff5b6bb-vxbpp_default_104fda27-8e56-468f-a9f9-ec5b1273df68_1': {'cpu': 110.91, 'memory': 2.53}}]","[{'k8s_ws3d-animations-container_ws3d-animations-deployment-5b5b9bfd4f-zs855_default_a2cd75d2-5c22-4af6-a5e8-af3d41d8a36c_5': {'cpu': 0.01, 'memory': 0.33}}, {'k8s_ws3d-animations-container_ws3d-animations-deployment-5b5b9bfd4f-4lc96_default_3a6df3dc-37c2-4e17-a2a2-f5348709d02b_5': {'cpu': 0.01, 'memory': 0.33}}, {'k8s_ws3d-animations-container_ws3d-animations-deployment-5b5b9bfd4f-hdldc_default_1d728723-aeb0-4db7-b093-6d829903a5b9_5': {'cpu': 0.01, 'memory': 0.32}}]","[{'blender': {'cpu': 110.93, 'memory': 5.64}}, {'utils': {'cpu': 0.03, 'memory': 0.94}}, {'assemblies': {'cpu': 0.03, 'memory': 0.95}}, {'animations': {'cpu': 0.03, 'memory': 0.98}}, {'textures': {'cpu': 0.03, 'memory': 0.92}}]"
3,micro_3,Op-3,"[3.68, 3.63, 3.63]","[52.2, 53.5, 58.4]","[[16.9, 98.5], [38.6, 97.1], [24.7, 98.5]]","[51.3, 51.5, 51.2]",1685435102.0946343,"[{'k8s_ws3d-assemblies-container_ws3d-assemblies-deployment-68fd8795b7-767vb_default_fe85b67c-3ee1-414e-9bd0-5a4774bad318_5': {'cpu': 0.01, 'memory': 0.32}}, {'k8s_ws3d-assemblies-container_ws3d-assemblies-deployment-68fd8795b7-2ld9z_default_7c9ff908-482d-436b-bf33-19744c7f722b_5': {'cpu': 0.01, 'memory': 0.31}}, {'k8s_ws3d-assemblies-container_ws3d-assemblies-deployment-68fd8795b7-7xbsc_default_d67262cc-3af6-4ec3-b51a-9984968e2b70_5': {'cpu': 0.02, 'memory': 0.32}}]","[{'k8s_ws3d-textures-container_ws3d-textures-deployment-54c56cf96d-qqz89_default_d7d0c096-8f13-407b-b2cc-1a0b35778850_5': {'cpu': 0.02, 'memory': 0.3}}, {'k8s_ws3d-textures-container_ws3d-textures-deployment-54c56cf96d-q2jb6_default_ac296f3e-4a9b-45b0-876d-2995e4804f50_5': {'cpu': 0.01, 'memory': 0.3}}, {'k8s_ws3d-textures-container_ws3d-textures-deployment-54c56cf96d-ztcxv_default_b0424eeb-9464-4b80-ae8e-c3c5384e32c3_5': {'cpu': 0.01, 'memory': 0.32}}]","[{'k8s_ws3d-utils-container_ws3d-utils-deployment-5f87b87585-nhzl5_default_1957e382-12dd-4807-8dea-3b2dd442e2ec_1': {'cpu': 0.01, 'memory': 0.31}}, {'k8s_ws3d-utils-container_ws3d-utils-deployment-5f87b87585-6kl2x_default_330ffd66-181a-44d5-a07a-9c9e7bb7cf13_1': {'cpu': 0.02, 'memory': 0.31}}, {'k8s_ws3d-utils-container_ws3d-utils-deployment-5f87b87585-dr7f4_default_e656becc-9e50-4ce8-9064-bc47f86729af_1': {'cpu': 0.02, 'memory': 0.32}}]","[{'k8s_ws3d-blender-container_ws3d-blender-deployment-d5ff5b6bb-9vsnv_default_ce38a9b2-fe21-4a03-ab2c-1041f66cddfb_1': {'cpu': 0.01, 'memory': 2.03}}, {'k8s_ws3d-blender-container_ws3d-blender-deployment-d5ff5b6bb-f8qn2_default_028d4535-9f0f-43ef-ac16-e4cc1fc3b17d_1': {'cpu': 153.2, 'memory': 2.44}}, {'k8s_ws3d-blender-container_ws3d-blender-deployment-d5ff5b6bb-vxbpp_default_104fda27-8e56-468f-a9f9-ec5b1273df68_1': {'cpu': 121.74, 'memory': 2.73}}]","[{'k8s_ws3d-animations-container_ws3d-animations-deployment-5b5b9bfd4f-zs855_default_a2cd75d2-5c22-4af6-a5e8-af3d41d8a36c_5': {'cpu': 0.01, 'memory': 0.33}}, {'k8s_ws3d-animations-container_ws3d-animations-deployment-5b5b9bfd4f-4lc96_default_3a6df3dc-37c2-4e17-a2a2-f5348709d02b_5': {'cpu': 0.01, 'memory': 0.33}}, {'k8s_ws3d-animations-container_ws3d-animations-deployment-5b5b9bfd4f-hdldc_default_1d728723-aeb0-4db7-b093-6d829903a5b9_5': {'cpu': 0.02, 'memory': 0.32}}]","[{'blender': {'cpu': 274.95, 'memory': 7.2}}, {'utils': {'cpu': 0.05, 'memory': 0.94}}, {'assemblies': {'cpu': 0.04, 'memory': 0.95}}, {'animations': {'cpu': 0.04, 'memory': 0.98}}, {'textures': {'cpu': 0.04, 'memory': 0.92}}]"
2,micro_3,Op-3,"[3.92, 3.92, 3.92]","[54.7, 92.2, 60.8]","[[96.7, 91.4], [65.3, 55.0], [91.3, 87.7]]","[52.4, 52.5, 52.8]",1685435112.9486969,"[{'k8s_ws3d-assemblies-container_ws3d-assemblies-deployment-68fd8795b7-767vb_default_fe85b67c-3ee1-414e-9bd0-5a4774bad318_5': {'cpu': 0.01, 'memory': 0.32}}, {'k8s_ws3d-assemblies-container_ws3d-assemblies-deployment-68fd8795b7-2ld9z_default_7c9ff908-482d-436b-bf33-19744c7f722b_5': {'cpu': 0.01, 'memory': 0.31}}, {'k8s_ws3d-assemblies-container_ws3d-assemblies-deployment-68fd8795b7-7xbsc_default_d67262cc-3af6-4ec3-b51a-9984968e2b70_5': {'cpu': 0.01, 'memory': 0.32}}]","[{'k8s_ws3d-textures-container_ws3d-textures-deployment-54c56cf96d-qqz89_default_d7d0c096-8f13-407b-b2cc-1a0b35778850_5': {'cpu': 0.01, 'memory': 0.3}}, {'k8s_ws3d-textures-container_ws3d-textures-deployment-54c56cf96d-q2jb6_default_ac296f3e-4a9b-45b0-876d-2995e4804f50_5': {'cpu': 0.01, 'memory': 0.3}}, {'k8s_ws3d-textures-container_ws3d-textures-deployment-54c56cf96d-ztcxv_default_b0424eeb-9464-4b80-ae8e-c3c5384e32c3_5': {'cpu': 0.01, 'memory': 0.32}}]","[{'k8s_ws3d-utils-container_ws3d-utils-deployment-5f87b87585-nhzl5_default_1957e382-12dd-4807-8dea-3b2dd442e2ec_1': {'cpu': 0.01, 'memory': 0.31}}, {'k8s_ws3d-utils-container_ws3d-utils-deployment-5f87b87585-6kl2x_default_330ffd66-181a-44d5-a07a-9c9e7bb7cf13_1': {'cpu': 0.01, 'memory': 0.31}}, {'k8s_ws3d-utils-container_ws3d-utils-deployment-5f87b87585-dr7f4_default_e656becc-9e50-4ce8-9064-bc47f86729af_1': {'cpu': 0.01, 'memory': 0.32}}]","[{'k8s_ws3d-blender-container_ws3d-blender-deployment-d5ff5b6bb-9vsnv_default_ce38a9b2-fe21-4a03-ab2c-1041f66cddfb_1': {'cpu': 0.01, 'memory': 2.03}}, {'k8s_ws3d-blender-container_ws3d-blender-deployment-d5ff5b6bb-f8qn2_default_028d4535-9f0f-43ef-ac16-e4cc1fc3b17d_1': {'cpu': 0.01, 'memory': 1.08}}, {'k8s_ws3d-blender-container_ws3d-blender-deployment-d5ff5b6bb-vxbpp_default_104fda27-8e56-468f-a9f9-ec5b1273df68_1': {'cpu': 104.18, 'memory': 2.54}}]","[{'k8s_ws3d-animations-container_ws3d-animations-deployment-5b5b9bfd4f-zs855_default_a2cd75d2-5c22-4af6-a5e8-af3d41d8a36c_5': {'cpu': 0.01, 'memory': 0.33}}, {'k8s_ws3d-animations-container_ws3d-animations-deployment-5b5b9bfd4f-4lc96_default_3a6df3dc-37c2-4e17-a2a2-f5348709d02b_5': {'cpu': 0.01, 'memory': 0.33}}, {'k8s_ws3d-animations-container_ws3d-animations-deployment-5b5b9bfd4f-hdldc_default_1d728723-aeb0-4db7-b093-6d829903a5b9_5': {'cpu': 0.01, 'memory': 0.32}}]","[{'blender': {'cpu': 104.2, 'memory': 5.65}}, {'utils': {'cpu': 0.03, 'memory': 0.94}}, {'assemblies': {'cpu': 0.03, 'memory': 0.95}}, {'animations': {'cpu': 0.03, 'memory': 0.98}}, {'textures': {'cpu': 0.03, 'memory': 0.92}}]"
3,micro_3,Op-4,"[3.77, 3.77, 3.54]","[53.7, 73.1, 58.9]","[[53.5, 41.3], [70.1, 34.9], [96.9, 10.2]]","[51.4, 51.1, 51.1]",1685435119.4430373,"[{'k8s_ws3d-assemblies-container_ws3d-assemblies-deployment-68fd8795b7-767vb_default_fe85b67c-3ee1-414e-9bd0-5a4774bad318_5': {'cpu': 0.01, 'memory': 0.32}}, {'k8s_ws3d-assemblies-container_ws3d-assemblies-deployment-68fd8795b7-2ld9z_default_7c9ff908-482d-436b-bf33-19744c7f722b_5': {'cpu': 0.02, 'memory': 0.31}}, {'k8s_ws3d-assemblies-container_ws3d-assemblies-deployment-68fd8795b7-7xbsc_default_d67262cc-3af6-4ec3-b51a-9984968e2b70_5': {'cpu': 0.02, 'memory': 0.32}}]","[{'k8s_ws3d-textures-container_ws3d-textures-deployment-54c56cf96d-qqz89_default_d7d0c096-8f13-407b-b2cc-1a0b35778850_5': {'cpu': 0.01, 'memory': 0.3}}, {'k8s_ws3d-textures-container_ws3d-textures-deployment-54c56cf96d-q2jb6_default_ac296f3e-4a9b-45b0-876d-2995e4804f50_5': {'cpu': 0.02, 'memory': 0.3}}, {'k8s_ws3d-textures-container_ws3d-textures-deployment-54c56cf96d-ztcxv_default_b0424eeb-9464-4b80-ae8e-c3c5384e32c3_5': {'cpu': 0.02, 'memory': 0.32}}]","[{'k8s_ws3d-utils-container_ws3d-utils-deployment-5f87b87585-nhzl5_default_1957e382-12dd-4807-8dea-3b2dd442e2ec_1': {'cpu': 0.02, 'memory': 0.31}}, {'k8s_ws3d-utils-container_ws3d-utils-deployment-5f87b87585-6kl2x_default_330ffd66-181a-44d5-a07a-9c9e7bb7cf13_1': {'cpu': 0.01, 'memory': 0.31}}, {'k8s_ws3d-utils-container_ws3d-utils-deployment-5f87b87585-dr7f4_default_e656becc-9e50-4ce8-9064-bc47f86729af_1': {'cpu': 0.02, 'memory': 0.32}}]","[{'k8s_ws3d-blender-container_ws3d-blender-deployment-d5ff5b6bb-9vsnv_default_ce38a9b2-fe21-4a03-ab2c-1041f66cddfb_1': {'cpu': 0.02, 'memory': 2.03}}, {'k8s_ws3d-blender-container_ws3d-blender-deployment-d5ff5b6bb-f8qn2_default_028d4535-9f0f-43ef-ac16-e4cc1fc3b17d_1': {'cpu': 172.0, 'memory': 2.43}}, {'k8s_ws3d-blender-container_ws3d-blender-deployment-d5ff5b6bb-vxbpp_default_104fda27-8e56-468f-a9f9-ec5b1273df68_1': {'cpu': 156.79, 'memory': 2.95}}]","[{'k8s_ws3d-animations-container_ws3d-animations-deployment-5b5b9bfd4f-zs855_default_a2cd75d2-5c22-4af6-a5e8-af3d41d8a36c_5': {'cpu': 0.02, 'memory': 0.33}}, {'k8s_ws3d-animations-container_ws3d-animations-deployment-5b5b9bfd4f-4lc96_default_3a6df3dc-37c2-4e17-a2a2-f5348709d02b_5': {'cpu': 0.02, 'memory': 0.33}}, {'k8s_ws3d-animations-container_ws3d-animations-deployment-5b5b9bfd4f-hdldc_default_1d728723-aeb0-4db7-b093-6d829903a5b9_5': {'cpu': 0.02, 'memory': 0.32}}]","[{'blender': {'cpu': 328.81, 'memory': 7.41}}, {'utils': {'cpu': 0.05, 'memory': 0.94}}, {'assemblies': {'cpu': 0.05, 'memory': 0.95}}, {'animations': {'cpu': 0.06, 'memory': 0.98}}, {'textures': {'cpu': 0.05, 'memory': 0.92}}]"
1,micro_3,Op-4,"[3.58, 3.58, 3.53]","[57.3, 83.5, 53.2]","[[98.2, 92.7], [68.8, 43.4], [75.0, 80.6]]","[52.4, 52.5, 52.8]",1685435129.011964,"[{'k8s_ws3d-assemblies-container_ws3d-assemblies-deployment-68fd8795b7-767vb_default_fe85b67c-3ee1-414e-9bd0-5a4774bad318_5': {'cpu': 0.01, 'memory': 0.32}}, {'k8s_ws3d-assemblies-container_ws3d-assemblies-deployment-68fd8795b7-2ld9z_default_7c9ff908-482d-436b-bf33-19744c7f722b_5': {'cpu': 0.01, 'memory': 0.32}}, {'k8s_ws3d-assemblies-container_ws3d-assemblies-deployment-68fd8795b7-7xbsc_default_d67262cc-3af6-4ec3-b51a-9984968e2b70_5': {'cpu': 0.01, 'memory': 0.32}}]","[{'k8s_ws3d-textures-container_ws3d-textures-deployment-54c56cf96d-qqz89_default_d7d0c096-8f13-407b-b2cc-1a0b35778850_5': {'cpu': 0.01, 'memory': 0.3}}, {'k8s_ws3d-textures-container_ws3d-textures-deployment-54c56cf96d-q2jb6_default_ac296f3e-4a9b-45b0-876d-2995e4804f50_5': {'cpu': 0.01, 'memory': 0.3}}, {'k8s_ws3d-textures-container_ws3d-textures-deployment-54c56cf96d-ztcxv_default_b0424eeb-9464-4b80-ae8e-c3c5384e32c3_5': {'cpu': 0.01, 'memory': 0.32}}]","[{'k8s_ws3d-utils-container_ws3d-utils-deployment-5f87b87585-nhzl5_default_1957e382-12dd-4807-8dea-3b2dd442e2ec_1': {'cpu': 0.01, 'memory': 0.31}}, {'k8s_ws3d-utils-container_ws3d-utils-deployment-5f87b87585-6kl2x_default_330ffd66-181a-44d5-a07a-9c9e7bb7cf13_1': {'cpu': 0.01, 'memory': 0.31}}, {'k8s_ws3d-utils-container_ws3d-utils-deployment-5f87b87585-dr7f4_default_e656becc-9e50-4ce8-9064-bc47f86729af_1': {'cpu': 0.01, 'memory': 0.32}}]","[{'k8s_ws3d-blender-container_ws3d-blender-deployment-d5ff5b6bb-9vsnv_default_ce38a9b2-fe21-4a03-ab2c-1041f66cddfb_1': {'cpu': 0.01, 'memory': 2.03}}, {'k8s_ws3d-blender-container_ws3d-blender-deployment-d5ff5b6bb-f8qn2_default_028d4535-9f0f-43ef-ac16-e4cc1fc3b17d_1': {'cpu': 0.01, 'memory': 1.09}}, {'k8s_ws3d-blender-container_ws3d-blender-deployment-d5ff5b6bb-vxbpp_default_104fda27-8e56-468f-a9f9-ec5b1273df68_1': {'cpu': 96.42, 'memory': 2.54}}]","[{'k8s_ws3d-animations-container_ws3d-animations-deployment-5b5b9bfd4f-zs855_default_a2cd75d2-5c22-4af6-a5e8-af3d41d8a36c_5': {'cpu': 0.01, 'memory': 0.33}}, {'k8s_ws3d-animations-container_ws3d-animations-deployment-5b5b9bfd4f-4lc96_default_3a6df3dc-37c2-4e17-a2a2-f5348709d02b_5': {'cpu': 0.01, 'memory': 0.33}}, {'k8s_ws3d-animations-container_ws3d-animations-deployment-5b5b9bfd4f-hdldc_default_1d728723-aeb0-4db7-b093-6d829903a5b9_5': {'cpu': 0.01, 'memory': 0.32}}]","[{'blender': {'cpu': 96.44, 'memory': 5.66}}, {'utils': {'cpu': 0.03, 'memory': 0.94}}, {'assemblies': {'cpu': 0.03, 'memory': 0.96}}, {'animations': {'cpu': 0.03, 'memory': 0.98}}, {'textures': {'cpu': 0.03, 'memory': 0.92}}]"
3,micro_3,Op-5,"[3.53, 3.41, 3.41]","[58.5, 67.7, 52.9]","[[97.9, 14.0], [96.9, 20.4], [96.9, 4.3]]","[51.6, 51.4, 51.3]",1685435135.815192,"[{'k8s_ws3d-assemblies-container_ws3d-assemblies-deployment-68fd8795b7-767vb_default_fe85b67c-3ee1-414e-9bd0-5a4774bad318_5': {'cpu': 0.01, 'memory': 0.32}}, {'k8s_ws3d-assemblies-container_ws3d-assemblies-deployment-68fd8795b7-2ld9z_default_7c9ff908-482d-436b-bf33-19744c7f722b_5': {'cpu': 0.02, 'memory': 0.32}}, {'k8s_ws3d-assemblies-container_ws3d-assemblies-deployment-68fd8795b7-7xbsc_default_d67262cc-3af6-4ec3-b51a-9984968e2b70_5': {'cpu': 0.02, 'memory': 0.32}}]","[{'k8s_ws3d-textures-container_ws3d-textures-deployment-54c56cf96d-qqz89_default_d7d0c096-8f13-407b-b2cc-1a0b35778850_5': {'cpu': 0.02, 'memory': 0.3}}, {'k8s_ws3d-textures-container_ws3d-textures-deployment-54c56cf96d-q2jb6_default_ac296f3e-4a9b-45b0-876d-2995e4804f50_5': {'cpu': 0.02, 'memory': 0.3}}, {'k8s_ws3d-textures-container_ws3d-textures-deployment-54c56cf96d-ztcxv_default_b0424eeb-9464-4b80-ae8e-c3c5384e32c3_5': {'cpu': 0.01, 'memory': 0.32}}]","[{'k8s_ws3d-utils-container_ws3d-utils-deployment-5f87b87585-nhzl5_default_1957e382-12dd-4807-8dea-3b2dd442e2ec_1': {'cpu': 0.01, 'memory': 0.31}}, {'k8s_ws3d-utils-container_ws3d-utils-deployment-5f87b87585-6kl2x_default_330ffd66-181a-44d5-a07a-9c9e7bb7cf13_1': {'cpu': 0.01, 'memory': 0.31}}, {'k8s_ws3d-utils-container_ws3d-utils-deployment-5f87b87585-dr7f4_default_e656becc-9e50-4ce8-9064-bc47f86729af_1': {'cpu': 0.02, 'memory': 0.32}}]","[{'k8s_ws3d-blender-container_ws3d-blender-deployment-d5ff5b6bb-9vsnv_default_ce38a9b2-fe21-4a03-ab2c-1041f66cddfb_1': {'cpu': 151.11, 'memory': 3.35}}, {'k8s_ws3d-blender-container_ws3d-blender-deployment-d5ff5b6bb-f8qn2_default_028d4535-9f0f-43ef-ac16-e4cc1fc3b17d_1': {'cpu': 0.02, 'memory': 1.09}}, {'k8s_ws3d-blender-container_ws3d-blender-deployment-d5ff5b6bb-vxbpp_default_104fda27-8e56-468f-a9f9-ec5b1273df68_1': {'cpu': 153.24, 'memory': 3.02}}]","[{'k8s_ws3d-animations-container_ws3d-animations-deployment-5b5b9bfd4f-zs855_default_a2cd75d2-5c22-4af6-a5e8-af3d41d8a36c_5': {'cpu': 0.01, 'memory': 0.33}}, {'k8s_ws3d-animations-container_ws3d-animations-deployment-5b5b9bfd4f-4lc96_default_3a6df3dc-37c2-4e17-a2a2-f5348709d02b_5': {'cpu': 0.02, 'memory': 0.33}}, {'k8s_ws3d-animations-container_ws3d-animations-deployment-5b5b9bfd4f-hdldc_default_1d728723-aeb0-4db7-b093-6d829903a5b9_5': {'cpu': 0.01, 'memory': 0.32}}]","[{'blender': {'cpu': 304.37, 'memory': 7.46}}, {'utils': {'cpu': 0.04, 'memory': 0.94}}, {'assemblies': {'cpu': 0.05, 'memory': 0.96}}, {'animations': {'cpu': 0.04, 'memory': 0.98}}, {'textures': {'cpu': 0.05, 'memory': 0.92}}]"
2,micro_3,Op-4,"[3.54, 3.54, 4.38]","[86.7, 57.8, 75.0]","[[100.0, 95.1], [83.1, 92.9], [6.3, 100.0]]","[52.6, 52.9, 51.1]",1685435144.8846943,"[{'k8s_ws3d-assemblies-container_ws3d-assemblies-deployment-68fd8795b7-767vb_default_fe85b67c-3ee1-414e-9bd0-5a4774bad318_5': {'cpu': 0.01, 'memory': 0.32}}, {'k8s_ws3d-assemblies-container_ws3d-assemblies-deployment-68fd8795b7-2ld9z_default_7c9ff908-482d-436b-bf33-19744c7f722b_5': {'cpu': 0.01, 'memory': 0.31}}, {'k8s_ws3d-assemblies-container_ws3d-assemblies-deployment-68fd8795b7-7xbsc_default_d67262cc-3af6-4ec3-b51a-9984968e2b70_5': {'cpu': 0.01, 'memory': 0.32}}]","[{'k8s_ws3d-textures-container_ws3d-textures-deployment-54c56cf96d-qqz89_default_d7d0c096-8f13-407b-b2cc-1a0b35778850_5': {'cpu': 0.01, 'memory': 0.3}}, {'k8s_ws3d-textures-container_ws3d-textures-deployment-54c56cf96d-q2jb6_default_ac296f3e-4a9b-45b0-876d-2995e4804f50_5': {'cpu': 0.01, 'memory': 0.3}}, {'k8s_ws3d-textures-container_ws3d-textures-deployment-54c56cf96d-ztcxv_default_b0424eeb-9464-4b80-ae8e-c3c5384e32c3_5': {'cpu': 0.02, 'memory': 0.32}}]","[{'k8s_ws3d-utils-container_ws3d-utils-deployment-5f87b87585-nhzl5_default_1957e382-12dd-4807-8dea-3b2dd442e2ec_1': {'cpu': 0.01, 'memory': 0.31}}, {'k8s_ws3d-utils-container_ws3d-utils-deployment-5f87b87585-6kl2x_default_330ffd66-181a-44d5-a07a-9c9e7bb7cf13_1': {'cpu': 0.02, 'memory': 0.31}}, {'k8s_ws3d-utils-container_ws3d-utils-deployment-5f87b87585-dr7f4_default_e656becc-9e50-4ce8-9064-bc47f86729af_1': {'cpu': 0.01, 'memory': 0.32}}]","[{'k8s_ws3d-blender-container_ws3d-blender-deployment-d5ff5b6bb-9vsnv_default_ce38a9b2-fe21-4a03-ab2c-1041f66cddfb_1': {'cpu': 0.01, 'memory': 2.03}}, {'k8s_ws3d-blender-container_ws3d-blender-deployment-d5ff5b6bb-f8qn2_default_028d4535-9f0f-43ef-ac16-e4cc1fc3b17d_1': {'cpu': 172.6, 'memory': 2.43}}, {'k8s_ws3d-blender-container_ws3d-blender-deployment-d5ff5b6bb-vxbpp_default_104fda27-8e56-468f-a9f9-ec5b1273df68_1': {'cpu': 181.69, 'memory': 3.01}}]","[{'k8s_ws3d-animations-container_ws3d-animations-deployment-5b5b9bfd4f-zs855_default_a2cd75d2-5c22-4af6-a5e8-af3d41d8a36c_5': {'cpu': 0.01, 'memory': 0.33}}, {'k8s_ws3d-animations-container_ws3d-animations-deployment-5b5b9bfd4f-4lc96_default_3a6df3dc-37c2-4e17-a2a2-f5348709d02b_5': {'cpu': 0.02, 'memory': 0.33}}, {'k8s_ws3d-animations-container_ws3d-animations-deployment-5b5b9bfd4f-hdldc_default_1d728723-aeb0-4db7-b093-6d829903a5b9_5': {'cpu': 0.01, 'memory': 0.32}}]","[{'blender': {'cpu': 354.3, 'memory': 7.47}}, {'utils': {'cpu': 0.04, 'memory': 0.94}}, {'assemblies': {'cpu': 0.03, 'memory': 0.95}}, {'animations': {'cpu': 0.04, 'memory': 0.98}}, {'textures': {'cpu': 0.04, 'memory': 0.92}}]"
3,micro_3,Op-6,"[4.38, 4.38, 4.27]","[57.5, 59.3, 70.1]","[[20.0, 98.5], [98.1, 96.0], [14.9, 95.4]]","[51.5, 53.3, 51.4]",1685435149.300528,"[{'k8s_ws3d-assemblies-container_ws3d-assemblies-deployment-68fd8795b7-767vb_default_fe85b67c-3ee1-414e-9bd0-5a4774bad318_5': {'cpu': 0.01, 'memory': 0.32}}, {'k8s_ws3d-assemblies-container_ws3d-assemblies-deployment-68fd8795b7-2ld9z_default_7c9ff908-482d-436b-bf33-19744c7f722b_5': {'cpu': 0.01, 'memory': 0.31}}, {'k8s_ws3d-assemblies-container_ws3d-assemblies-deployment-68fd8795b7-7xbsc_default_d67262cc-3af6-4ec3-b51a-9984968e2b70_5': {'cpu': 0.02, 'memory': 0.32}}]","[{'k8s_ws3d-textures-container_ws3d-textures-deployment-54c56cf96d-qqz89_default_d7d0c096-8f13-407b-b2cc-1a0b35778850_5': {'cpu': 0.01, 'memory': 0.3}}, {'k8s_ws3d-textures-container_ws3d-textures-deployment-54c56cf96d-q2jb6_default_ac296f3e-4a9b-45b0-876d-2995e4804f50_5': {'cpu': 0.02, 'memory': 0.31}}, {'k8s_ws3d-textures-container_ws3d-textures-deployment-54c56cf96d-ztcxv_default_b0424eeb-9464-4b80-ae8e-c3c5384e32c3_5': {'cpu': 0.01, 'memory': 0.32}}]","[{'k8s_ws3d-utils-container_ws3d-utils-deployment-5f87b87585-nhzl5_default_1957e382-12dd-4807-8dea-3b2dd442e2ec_1': {'cpu': 0.02, 'memory': 0.31}}, {'k8s_ws3d-utils-container_ws3d-utils-deployment-5f87b87585-6kl2x_default_330ffd66-181a-44d5-a07a-9c9e7bb7cf13_1': {'cpu': 0.02, 'memory': 0.31}}, {'k8s_ws3d-utils-container_ws3d-utils-deployment-5f87b87585-dr7f4_default_e656becc-9e50-4ce8-9064-bc47f86729af_1': {'cpu': 0.02, 'memory': 0.32}}]","[{'k8s_ws3d-blender-container_ws3d-blender-deployment-d5ff5b6bb-9vsnv_default_ce38a9b2-fe21-4a03-ab2c-1041f66cddfb_1': {'cpu': 0.01, 'memory': 2.03}}, {'k8s_ws3d-blender-container_ws3d-blender-deployment-d5ff5b6bb-f8qn2_default_028d4535-9f0f-43ef-ac16-e4cc1fc3b17d_1': {'cpu': 165.81, 'memory': 2.44}}, {'k8s_ws3d-blender-container_ws3d-blender-deployment-d5ff5b6bb-vxbpp_default_104fda27-8e56-468f-a9f9-ec5b1273df68_1': {'cpu': 184.43, 'memory': 2.58}}]","[{'k8s_ws3d-animations-container_ws3d-animations-deployment-5b5b9bfd4f-zs855_default_a2cd75d2-5c22-4af6-a5e8-af3d41d8a36c_5': {'cpu': 0.02, 'memory': 0.33}}, {'k8s_ws3d-animations-container_ws3d-animations-deployment-5b5b9bfd4f-4lc96_default_3a6df3dc-37c2-4e17-a2a2-f5348709d02b_5': {'cpu': 0.01, 'memory': 0.33}}, {'k8s_ws3d-animations-container_ws3d-animations-deployment-5b5b9bfd4f-hdldc_default_1d728723-aeb0-4db7-b093-6d829903a5b9_5': {'cpu': 0.02, 'memory': 0.32}}]","[{'blender': {'cpu': 350.25, 'memory': 7.05}}, {'utils': {'cpu': 0.06, 'memory': 0.94}}, {'assemblies': {'cpu': 0.04, 'memory': 0.95}}, {'animations': {'cpu': 0.05, 'memory': 0.98}}, {'textures': {'cpu': 0.04, 'memory': 0.93}}]"
1,micro_3,Op-5,"[4.27, 4.27, 5.13]","[56.4, 64.3, 94.5]","[[25.0, 96.2], [97.7, 100.0], [87.7, 91.2]]","[51.6, 53.0, 53.0]",1685435153.736167,"[{'k8s_ws3d-assemblies-container_ws3d-assemblies-deployment-68fd8795b7-767vb_default_fe85b67c-3ee1-414e-9bd0-5a4774bad318_5': {'cpu': 0.01, 'memory': 0.32}}, {'k8s_ws3d-assemblies-container_ws3d-assemblies-deployment-68fd8795b7-2ld9z_default_7c9ff908-482d-436b-bf33-19744c7f722b_5': {'cpu': 0.01, 'memory': 0.31}}, {'k8s_ws3d-assemblies-container_ws3d-assemblies-deployment-68fd8795b7-7xbsc_default_d67262cc-3af6-4ec3-b51a-9984968e2b70_5': {'cpu': 0.01, 'memory': 0.32}}]","[{'k8s_ws3d-textures-container_ws3d-textures-deployment-54c56cf96d-qqz89_default_d7d0c096-8f13-407b-b2cc-1a0b35778850_5': {'cpu': 0.01, 'memory': 0.3}}, {'k8s_ws3d-textures-container_ws3d-textures-deployment-54c56cf96d-q2jb6_default_ac296f3e-4a9b-45b0-876d-2995e4804f50_5': {'cpu': 0.02, 'memory': 0.31}}, {'k8s_ws3d-textures-container_ws3d-textures-deployment-54c56cf96d-ztcxv_default_b0424eeb-9464-4b80-ae8e-c3c5384e32c3_5': {'cpu': 0.01, 'memory': 0.32}}]","[{'k8s_ws3d-utils-container_ws3d-utils-deployment-5f87b87585-nhzl5_default_1957e382-12dd-4807-8dea-3b2dd442e2ec_1': {'cpu': 0.01, 'memory': 0.31}}, {'k8s_ws3d-utils-container_ws3d-utils-deployment-5f87b87585-6kl2x_default_330ffd66-181a-44d5-a07a-9c9e7bb7cf13_1': {'cpu': 0.01, 'memory': 0.31}}, {'k8s_ws3d-utils-container_ws3d-utils-deployment-5f87b87585-dr7f4_default_e656becc-9e50-4ce8-9064-bc47f86729af_1': {'cpu': 0.01, 'memory': 0.32}}]","[{'k8s_ws3d-blender-container_ws3d-blender-deployment-d5ff5b6bb-9vsnv_default_ce38a9b2-fe21-4a03-ab2c-1041f66cddfb_1': {'cpu': 0.01, 'memory': 2.03}}, {'k8s_ws3d-blender-container_ws3d-blender-deployment-d5ff5b6bb-f8qn2_default_028d4535-9f0f-43ef-ac16-e4cc1fc3b17d_1': {'cpu': 138.14, 'memory': 2.44}}, {'k8s_ws3d-blender-container_ws3d-blender-deployment-d5ff5b6bb-vxbpp_default_104fda27-8e56-468f-a9f9-ec5b1273df68_1': {'cpu': 95.65, 'memory': 2.56}}]","[{'k8s_ws3d-animations-container_ws3d-animations-deployment-5b5b9bfd4f-zs855_default_a2cd75d2-5c22-4af6-a5e8-af3d41d8a36c_5': {'cpu': 0.01, 'memory': 0.33}}, {'k8s_ws3d-animations-container_ws3d-animations-deployment-5b5b9bfd4f-4lc96_default_3a6df3dc-37c2-4e17-a2a2-f5348709d02b_5': {'cpu': 0.01, 'memory': 0.33}}, {'k8s_ws3d-animations-container_ws3d-animations-deployment-5b5b9bfd4f-hdldc_default_1d728723-aeb0-4db7-b093-6d829903a5b9_5': {'cpu': 0.01, 'memory': 0.32}}]","[{'blender': {'cpu': 233.8, 'memory': 7.03}}, {'utils': {'cpu': 0.03, 'memory': 0.94}}, {'assemblies': {'cpu': 0.03, 'memory': 0.95}}, {'animations': {'cpu': 0.03, 'memory': 0.98}}, {'textures': {'cpu': 0.04, 'memory': 0.93}}]"
2,micro_3,Op-5,"[5.13, 5.13, 4.87]","[77.4, 66.9, 93.5]","[[91.8, 100.0], [69.0, 82.9], [80.6, 30.4]]","[53.0, 52.8, 51.2]",1685435160.42305,"[{'k8s_ws3d-assemblies-container_ws3d-assemblies-deployment-68fd8795b7-767vb_default_fe85b67c-3ee1-414e-9bd0-5a4774bad318_5': {'cpu': 0.01, 'memory': 0.32}}, {'k8s_ws3d-assemblies-container_ws3d-assemblies-deployment-68fd8795b7-2ld9z_default_7c9ff908-482d-436b-bf33-19744c7f722b_5': {'cpu': 0.02, 'memory': 0.31}}, {'k8s_ws3d-assemblies-container_ws3d-assemblies-deployment-68fd8795b7-7xbsc_default_d67262cc-3af6-4ec3-b51a-9984968e2b70_5': {'cpu': 0.01, 'memory': 0.32}}]","[{'k8s_ws3d-textures-container_ws3d-textures-deployment-54c56cf96d-qqz89_default_d7d0c096-8f13-407b-b2cc-1a0b35778850_5': {'cpu': 0.02, 'memory': 0.31}}, {'k8s_ws3d-textures-container_ws3d-textures-deployment-54c56cf96d-q2jb6_default_ac296f3e-4a9b-45b0-876d-2995e4804f50_5': {'cpu': 0.02, 'memory': 0.31}}, {'k8s_ws3d-textures-container_ws3d-textures-deployment-54c56cf96d-ztcxv_default_b0424eeb-9464-4b80-ae8e-c3c5384e32c3_5': {'cpu': 0.01, 'memory': 0.32}}]","[{'k8s_ws3d-utils-container_ws3d-utils-deployment-5f87b87585-nhzl5_default_1957e382-12dd-4807-8dea-3b2dd442e2ec_1': {'cpu': 0.01, 'memory': 0.31}}, {'k8s_ws3d-utils-container_ws3d-utils-deployment-5f87b87585-6kl2x_default_330ffd66-181a-44d5-a07a-9c9e7bb7cf13_1': {'cpu': 0.02, 'memory': 0.31}}, {'k8s_ws3d-utils-container_ws3d-utils-deployment-5f87b87585-dr7f4_default_e656becc-9e50-4ce8-9064-bc47f86729af_1': {'cpu': 0.01, 'memory': 0.32}}]","[{'k8s_ws3d-blender-container_ws3d-blender-deployment-d5ff5b6bb-9vsnv_default_ce38a9b2-fe21-4a03-ab2c-1041f66cddfb_1': {'cpu': 0.01, 'memory': 2.03}}, {'k8s_ws3d-blender-container_ws3d-blender-deployment-d5ff5b6bb-f8qn2_default_028d4535-9f0f-43ef-ac16-e4cc1fc3b17d_1': {'cpu': 162.81, 'memory': 2.88}}, {'k8s_ws3d-blender-container_ws3d-blender-deployment-d5ff5b6bb-vxbpp_default_104fda27-8e56-468f-a9f9-ec5b1273df68_1': {'cpu': 182.51, 'memory': 2.61}}]","[{'k8s_ws3d-animations-container_ws3d-animations-deployment-5b5b9bfd4f-zs855_default_a2cd75d2-5c22-4af6-a5e8-af3d41d8a36c_5': {'cpu': 0.02, 'memory': 0.33}}, {'k8s_ws3d-animations-container_ws3d-animations-deployment-5b5b9bfd4f-4lc96_default_3a6df3dc-37c2-4e17-a2a2-f5348709d02b_5': {'cpu': 0.02, 'memory': 0.33}}, {'k8s_ws3d-animations-container_ws3d-animations-deployment-5b5b9bfd4f-hdldc_default_1d728723-aeb0-4db7-b093-6d829903a5b9_5': {'cpu': 0.02, 'memory': 0.32}}]","[{'blender': {'cpu': 345.33, 'memory': 7.52}}, {'utils': {'cpu': 0.04, 'memory': 0.94}}, {'assemblies': {'cpu': 0.04, 'memory': 0.95}}, {'animations': {'cpu': 0.06, 'memory': 0.98}}, {'textures': {'cpu': 0.05, 'memory': 0.94}}]"
3,micro_3,Op-7,"[4.87, 5.45, 5.45]","[54.6, 96.8, 69.7]","[[42.7, 97.0], [100.0, 100.0], [12.4, 97.0]]","[52.1, 53.6, 51.4]",1685435165.5719352,"[{'k8s_ws3d-assemblies-container_ws3d-assemblies-deployment-68fd8795b7-767vb_default_fe85b67c-3ee1-414e-9bd0-5a4774bad318_5': {'cpu': 0.01, 'memory': 0.32}}, {'k8s_ws3d-assemblies-container_ws3d-assemblies-deployment-68fd8795b7-2ld9z_default_7c9ff908-482d-436b-bf33-19744c7f722b_5': {'cpu': 0.01, 'memory': 0.31}}, {'k8s_ws3d-assemblies-container_ws3d-assemblies-deployment-68fd8795b7-7xbsc_default_d67262cc-3af6-4ec3-b51a-9984968e2b70_5': {'cpu': 0.01, 'memory': 0.32}}]","[{'k8s_ws3d-textures-container_ws3d-textures-deployment-54c56cf96d-qqz89_default_d7d0c096-8f13-407b-b2cc-1a0b35778850_5': {'cpu': 0.02, 'memory': 0.31}}, {'k8s_ws3d-textures-container_ws3d-textures-deployment-54c56cf96d-q2jb6_default_ac296f3e-4a9b-45b0-876d-2995e4804f50_5': {'cpu': 0.01, 'memory': 0.3}}, {'k8s_ws3d-textures-container_ws3d-textures-deployment-54c56cf96d-ztcxv_default_b0424eeb-9464-4b80-ae8e-c3c5384e32c3_5': {'cpu': 0.01, 'memory': 0.32}}]","[{'k8s_ws3d-utils-container_ws3d-utils-deployment-5f87b87585-nhzl5_default_1957e382-12dd-4807-8dea-3b2dd442e2ec_1': {'cpu': 0.01, 'memory': 0.31}}, {'k8s_ws3d-utils-container_ws3d-utils-deployment-5f87b87585-6kl2x_default_330ffd66-181a-44d5-a07a-9c9e7bb7cf13_1': {'cpu': 0.01, 'memory': 0.31}}, {'k8s_ws3d-utils-container_ws3d-utils-deployment-5f87b87585-dr7f4_default_e656becc-9e50-4ce8-9064-bc47f86729af_1': {'cpu': 0.02, 'memory': 0.32}}]","[{'k8s_ws3d-blender-container_ws3d-blender-deployment-d5ff5b6bb-9vsnv_default_ce38a9b2-fe21-4a03-ab2c-1041f66cddfb_1': {'cpu': 165.27, 'memory': 3.38}}, {'k8s_ws3d-blender-container_ws3d-blender-deployment-d5ff5b6bb-f8qn2_default_028d4535-9f0f-43ef-ac16-e4cc1fc3b17d_1': {'cpu': 0.01, 'memory': 1.09}}, {'k8s_ws3d-blender-container_ws3d-blender-deployment-d5ff5b6bb-vxbpp_default_104fda27-8e56-468f-a9f9-ec5b1273df68_1': {'cpu': 125.01, 'memory': 2.57}}]","[{'k8s_ws3d-animations-container_ws3d-animations-deployment-5b5b9bfd4f-zs855_default_a2cd75d2-5c22-4af6-a5e8-af3d41d8a36c_5': {'cpu': 0.01, 'memory': 0.33}}, {'k8s_ws3d-animations-container_ws3d-animations-deployment-5b5b9bfd4f-4lc96_default_3a6df3dc-37c2-4e17-a2a2-f5348709d02b_5': {'cpu': 0.01, 'memory': 0.33}}, {'k8s_ws3d-animations-container_ws3d-animations-deployment-5b5b9bfd4f-hdldc_default_1d728723-aeb0-4db7-b093-6d829903a5b9_5': {'cpu': 0.02, 'memory': 0.32}}]","[{'blender': {'cpu': 290.29, 'memory': 7.04}}, {'utils': {'cpu': 0.04, 'memory': 0.94}}, {'assemblies': {'cpu': 0.03, 'memory': 0.95}}, {'animations': {'cpu': 0.04, 'memory': 0.98}}, {'textures': {'cpu': 0.04, 'memory': 0.93}}]"
1,micro_3,Op-6,"[5.45, 5.45, 6.45]","[57.4, 57.9, 81.2]","[[31.8, 89.9], [100.0, 95.2], [85.7, 84.6]]","[51.6, 53.1, 53.3]",1685435169.9062018,"[{'k8s_ws3d-assemblies-container_ws3d-assemblies-deployment-68fd8795b7-767vb_default_fe85b67c-3ee1-414e-9bd0-5a4774bad318_5': {'cpu': 0.01, 'memory': 0.32}}, {'k8s_ws3d-assemblies-container_ws3d-assemblies-deployment-68fd8795b7-2ld9z_default_7c9ff908-482d-436b-bf33-19744c7f722b_5': {'cpu': 0.01, 'memory': 0.31}}, {'k8s_ws3d-assemblies-container_ws3d-assemblies-deployment-68fd8795b7-7xbsc_default_d67262cc-3af6-4ec3-b51a-9984968e2b70_5': {'cpu': 0.01, 'memory': 0.32}}]","[{'k8s_ws3d-textures-container_ws3d-textures-deployment-54c56cf96d-qqz89_default_d7d0c096-8f13-407b-b2cc-1a0b35778850_5': {'cpu': 0.01, 'memory': 0.3}}, {'k8s_ws3d-textures-container_ws3d-textures-deployment-54c56cf96d-q2jb6_default_ac296f3e-4a9b-45b0-876d-2995e4804f50_5': {'cpu': 0.01, 'memory': 0.31}}, {'k8s_ws3d-textures-container_ws3d-textures-deployment-54c56cf96d-ztcxv_default_b0424eeb-9464-4b80-ae8e-c3c5384e32c3_5': {'cpu': 0.01, 'memory': 0.32}}]","[{'k8s_ws3d-utils-container_ws3d-utils-deployment-5f87b87585-nhzl5_default_1957e382-12dd-4807-8dea-3b2dd442e2ec_1': {'cpu': 0.01, 'memory': 0.31}}, {'k8s_ws3d-utils-container_ws3d-utils-deployment-5f87b87585-6kl2x_default_330ffd66-181a-44d5-a07a-9c9e7bb7cf13_1': {'cpu': 0.01, 'memory': 0.31}}, {'k8s_ws3d-utils-container_ws3d-utils-deployment-5f87b87585-dr7f4_default_e656becc-9e50-4ce8-9064-bc47f86729af_1': {'cpu': 0.01, 'memory': 0.32}}]","[{'k8s_ws3d-blender-container_ws3d-blender-deployment-d5ff5b6bb-9vsnv_default_ce38a9b2-fe21-4a03-ab2c-1041f66cddfb_1': {'cpu': 92.08, 'memory': 3.38}}, {'k8s_ws3d-blender-container_ws3d-blender-deployment-d5ff5b6bb-f8qn2_default_028d4535-9f0f-43ef-ac16-e4cc1fc3b17d_1': {'cpu': 0.01, 'memory': 1.09}}, {'k8s_ws3d-blender-container_ws3d-blender-deployment-d5ff5b6bb-vxbpp_default_104fda27-8e56-468f-a9f9-ec5b1273df68_1': {'cpu': 0.01, 'memory': 1.24}}]","[{'k8s_ws3d-animations-container_ws3d-animations-deployment-5b5b9bfd4f-zs855_default_a2cd75d2-5c22-4af6-a5e8-af3d41d8a36c_5': {'cpu': 0.01, 'memory': 0.33}}, {'k8s_ws3d-animations-container_ws3d-animations-deployment-5b5b9bfd4f-4lc96_default_3a6df3dc-37c2-4e17-a2a2-f5348709d02b_5': {'cpu': 0.0, 'memory': 0.33}}, {'k8s_ws3d-animations-container_ws3d-animations-deployment-5b5b9bfd4f-hdldc_default_1d728723-aeb0-4db7-b093-6d829903a5b9_5': {'cpu': 0.01, 'memory': 0.32}}]","[{'blender': {'cpu': 92.1, 'memory': 5.71}}, {'utils': {'cpu': 0.03, 'memory': 0.94}}, {'assemblies': {'cpu': 0.03, 'memory': 0.95}}, {'animations': {'cpu': 0.02, 'memory': 0.98}}, {'textures': {'cpu': 0.03, 'memory': 0.93}}]"
2,micro_3,Op-6,"[6.45, 6.01, 6.01]","[64.9, 68.5, 48.0]","[[96.9, 14.0], [97.0, 11.5], [21.6, 95.1]]","[51.7, 51.3, 51.2]",1685435176.7667465,"[{'k8s_ws3d-assemblies-container_ws3d-assemblies-deployment-68fd8795b7-767vb_default_fe85b67c-3ee1-414e-9bd0-5a4774bad318_5': {'cpu': 0.01, 'memory': 0.32}}, {'k8s_ws3d-assemblies-container_ws3d-assemblies-deployment-68fd8795b7-2ld9z_default_7c9ff908-482d-436b-bf33-19744c7f722b_5': {'cpu': 0.01, 'memory': 0.31}}, {'k8s_ws3d-assemblies-container_ws3d-assemblies-deployment-68fd8795b7-7xbsc_default_d67262cc-3af6-4ec3-b51a-9984968e2b70_5': {'cpu': 0.01, 'memory': 0.32}}]","[{'k8s_ws3d-textures-container_ws3d-textures-deployment-54c56cf96d-qqz89_default_d7d0c096-8f13-407b-b2cc-1a0b35778850_5': {'cpu': 0.02, 'memory': 0.3}}, {'k8s_ws3d-textures-container_ws3d-textures-deployment-54c56cf96d-q2jb6_default_ac296f3e-4a9b-45b0-876d-2995e4804f50_5': {'cpu': 0.02, 'memory': 0.31}}, {'k8s_ws3d-textures-container_ws3d-textures-deployment-54c56cf96d-ztcxv_default_b0424eeb-9464-4b80-ae8e-c3c5384e32c3_5': {'cpu': 0.01, 'memory': 0.32}}]","[{'k8s_ws3d-utils-container_ws3d-utils-deployment-5f87b87585-nhzl5_default_1957e382-12dd-4807-8dea-3b2dd442e2ec_1': {'cpu': 0.01, 'memory': 0.31}}, {'k8s_ws3d-utils-container_ws3d-utils-deployment-5f87b87585-6kl2x_default_330ffd66-181a-44d5-a07a-9c9e7bb7cf13_1': {'cpu': 0.01, 'memory': 0.31}}, {'k8s_ws3d-utils-container_ws3d-utils-deployment-5f87b87585-dr7f4_default_e656becc-9e50-4ce8-9064-bc47f86729af_1': {'cpu': 0.02, 'memory': 0.32}}]","[{'k8s_ws3d-blender-container_ws3d-blender-deployment-d5ff5b6bb-9vsnv_default_ce38a9b2-fe21-4a03-ab2c-1041f66cddfb_1': {'cpu': 110.22, 'memory': 3.35}}, {'k8s_ws3d-blender-container_ws3d-blender-deployment-d5ff5b6bb-f8qn2_default_028d4535-9f0f-43ef-ac16-e4cc1fc3b17d_1': {'cpu': 138.25, 'memory': 2.44}}, {'k8s_ws3d-blender-container_ws3d-blender-deployment-d5ff5b6bb-vxbpp_default_104fda27-8e56-468f-a9f9-ec5b1273df68_1': {'cpu': 0.07, 'memory': 1.24}}]","[{'k8s_ws3d-animations-container_ws3d-animations-deployment-5b5b9bfd4f-zs855_default_a2cd75d2-5c22-4af6-a5e8-af3d41d8a36c_5': {'cpu': 0.02, 'memory': 0.33}}, {'k8s_ws3d-animations-container_ws3d-animations-deployment-5b5b9bfd4f-4lc96_default_3a6df3dc-37c2-4e17-a2a2-f5348709d02b_5': {'cpu': 0.02, 'memory': 0.33}}, {'k8s_ws3d-animations-container_ws3d-animations-deployment-5b5b9bfd4f-hdldc_default_1d728723-aeb0-4db7-b093-6d829903a5b9_5': {'cpu': 0.01, 'memory': 0.32}}]","[{'blender': {'cpu': 248.54, 'memory': 7.03}}, {'utils': {'cpu': 0.04, 'memory': 0.94}}, {'assemblies': {'cpu': 0.03, 'memory': 0.95}}, {'animations': {'cpu': 0.05, 'memory': 0.98}}, {'textures': {'cpu': 0.05, 'memory': 0.93}}]"
3,micro_3,Op-9,"[6.78, 6.78, 6.78]","[76.0, 65.5, 64.1]","[[98.5, 97.9], [87.3, 85.7], [11.0, 97.1]]","[52.4, 53.1, 51.3]",1685435187.7175148,"[{'k8s_ws3d-assemblies-container_ws3d-assemblies-deployment-68fd8795b7-767vb_default_fe85b67c-3ee1-414e-9bd0-5a4774bad318_5': {'cpu': 0.01, 'memory': 0.32}}, {'k8s_ws3d-assemblies-container_ws3d-assemblies-deployment-68fd8795b7-2ld9z_default_7c9ff908-482d-436b-bf33-19744c7f722b_5': {'cpu': 0.01, 'memory': 0.31}}, {'k8s_ws3d-assemblies-container_ws3d-assemblies-deployment-68fd8795b7-7xbsc_default_d67262cc-3af6-4ec3-b51a-9984968e2b70_5': {'cpu': 0.01, 'memory': 0.32}}]","[{'k8s_ws3d-textures-container_ws3d-textures-deployment-54c56cf96d-qqz89_default_d7d0c096-8f13-407b-b2cc-1a0b35778850_5': {'cpu': 0.01, 'memory': 0.3}}, {'k8s_ws3d-textures-container_ws3d-textures-deployment-54c56cf96d-q2jb6_default_ac296f3e-4a9b-45b0-876d-2995e4804f50_5': {'cpu': 0.01, 'memory': 0.31}}, {'k8s_ws3d-textures-container_ws3d-textures-deployment-54c56cf96d-ztcxv_default_b0424eeb-9464-4b80-ae8e-c3c5384e32c3_5': {'cpu': 0.01, 'memory': 0.32}}]","[{'k8s_ws3d-utils-container_ws3d-utils-deployment-5f87b87585-nhzl5_default_1957e382-12dd-4807-8dea-3b2dd442e2ec_1': {'cpu': 0.01, 'memory': 0.31}}, {'k8s_ws3d-utils-container_ws3d-utils-deployment-5f87b87585-6kl2x_default_330ffd66-181a-44d5-a07a-9c9e7bb7cf13_1': {'cpu': 0.01, 'memory': 0.31}}, {'k8s_ws3d-utils-container_ws3d-utils-deployment-5f87b87585-dr7f4_default_e656becc-9e50-4ce8-9064-bc47f86729af_1': {'cpu': 0.01, 'memory': 0.32}}]","[{'k8s_ws3d-blender-container_ws3d-blender-deployment-d5ff5b6bb-9vsnv_default_ce38a9b2-fe21-4a03-ab2c-1041f66cddfb_1': {'cpu': 94.68, 'memory': 3.36}}, {'k8s_ws3d-blender-container_ws3d-blender-deployment-d5ff5b6bb-f8qn2_default_028d4535-9f0f-43ef-ac16-e4cc1fc3b17d_1': {'cpu': 0.01, 'memory': 1.1}}, {'k8s_ws3d-blender-container_ws3d-blender-deployment-d5ff5b6bb-vxbpp_default_104fda27-8e56-468f-a9f9-ec5b1273df68_1': {'cpu': 0.01, 'memory': 1.24}}]","[{'k8s_ws3d-animations-container_ws3d-animations-deployment-5b5b9bfd4f-zs855_default_a2cd75d2-5c22-4af6-a5e8-af3d41d8a36c_5': {'cpu': 0.01, 'memory': 0.33}}, {'k8s_ws3d-animations-container_ws3d-animations-deployment-5b5b9bfd4f-4lc96_default_3a6df3dc-37c2-4e17-a2a2-f5348709d02b_5': {'cpu': 0.01, 'memory': 0.33}}, {'k8s_ws3d-animations-container_ws3d-animations-deployment-5b5b9bfd4f-hdldc_default_1d728723-aeb0-4db7-b093-6d829903a5b9_5': {'cpu': 0.01, 'memory': 0.32}}]","[{'blender': {'cpu': 94.7, 'memory': 5.7}}, {'utils': {'cpu': 0.03, 'memory': 0.94}}, {'assemblies': {'cpu': 0.03, 'memory': 0.95}}, {'animations': {'cpu': 0.03, 'memory': 0.98}}, {'textures': {'cpu': 0.03, 'memory': 0.93}}]"
3,micro_3,Op-8,"[6.78, 6.78, 6.78]","[76.0, 65.3, 65.2]","[[98.5, 97.9], [87.3, 85.5], [9.9, 97.1]]","[52.4, 53.1, 51.3]",1685435187.713429,"[{'k8s_ws3d-assemblies-container_ws3d-assemblies-deployment-68fd8795b7-767vb_default_fe85b67c-3ee1-414e-9bd0-5a4774bad318_5': {'cpu': 0.01, 'memory': 0.32}}, {'k8s_ws3d-assemblies-container_ws3d-assemblies-deployment-68fd8795b7-2ld9z_default_7c9ff908-482d-436b-bf33-19744c7f722b_5': {'cpu': 0.01, 'memory': 0.31}}, {'k8s_ws3d-assemblies-container_ws3d-assemblies-deployment-68fd8795b7-7xbsc_default_d67262cc-3af6-4ec3-b51a-9984968e2b70_5': {'cpu': 0.01, 'memory': 0.32}}]","[{'k8s_ws3d-textures-container_ws3d-textures-deployment-54c56cf96d-qqz89_default_d7d0c096-8f13-407b-b2cc-1a0b35778850_5': {'cpu': 0.01, 'memory': 0.3}}, {'k8s_ws3d-textures-container_ws3d-textures-deployment-54c56cf96d-q2jb6_default_ac296f3e-4a9b-45b0-876d-2995e4804f50_5': {'cpu': 0.01, 'memory': 0.31}}, {'k8s_ws3d-textures-container_ws3d-textures-deployment-54c56cf96d-ztcxv_default_b0424eeb-9464-4b80-ae8e-c3c5384e32c3_5': {'cpu': 0.01, 'memory': 0.32}}]","[{'k8s_ws3d-utils-container_ws3d-utils-deployment-5f87b87585-nhzl5_default_1957e382-12dd-4807-8dea-3b2dd442e2ec_1': {'cpu': 0.01, 'memory': 0.31}}, {'k8s_ws3d-utils-container_ws3d-utils-deployment-5f87b87585-6kl2x_default_330ffd66-181a-44d5-a07a-9c9e7bb7cf13_1': {'cpu': 0.01, 'memory': 0.31}}, {'k8s_ws3d-utils-container_ws3d-utils-deployment-5f87b87585-dr7f4_default_e656becc-9e50-4ce8-9064-bc47f86729af_1': {'cpu': 0.01, 'memory': 0.32}}]","[{'k8s_ws3d-blender-container_ws3d-blender-deployment-d5ff5b6bb-9vsnv_default_ce38a9b2-fe21-4a03-ab2c-1041f66cddfb_1': {'cpu': 94.68, 'memory': 3.36}}, {'k8s_ws3d-blender-container_ws3d-blender-deployment-d5ff5b6bb-f8qn2_default_028d4535-9f0f-43ef-ac16-e4cc1fc3b17d_1': {'cpu': 0.01, 'memory': 1.1}}, {'k8s_ws3d-blender-container_ws3d-blender-deployment-d5ff5b6bb-vxbpp_default_104fda27-8e56-468f-a9f9-ec5b1273df68_1': {'cpu': 0.01, 'memory': 1.24}}]","[{'k8s_ws3d-animations-container_ws3d-animations-deployment-5b5b9bfd4f-zs855_default_a2cd75d2-5c22-4af6-a5e8-af3d41d8a36c_5': {'cpu': 0.01, 'memory': 0.33}}, {'k8s_ws3d-animations-container_ws3d-animations-deployment-5b5b9bfd4f-4lc96_default_3a6df3dc-37c2-4e17-a2a2-f5348709d02b_5': {'cpu': 0.01, 'memory': 0.33}}, {'k8s_ws3d-animations-container_ws3d-animations-deployment-5b5b9bfd4f-hdldc_default_1d728723-aeb0-4db7-b093-6d829903a5b9_5': {'cpu': 0.01, 'memory': 0.32}}]","[{'blender': {'cpu': 94.7, 'memory': 5.7}}, {'utils': {'cpu': 0.03, 'memory': 0.94}}, {'assemblies': {'cpu': 0.03, 'memory': 0.95}}, {'animations': {'cpu': 0.03, 'memory': 0.98}}, {'textures': {'cpu': 0.03, 'memory': 0.93}}]"
2,micro_3,Op-7,"[6.78, 6.48, 6.48]","[45.2, 59.9, 69.4]","[[34.2, 96.5], [97.0, 10.8], [97.0, 6.5]]","[51.9, 51.9, 51.1]",1685435192.1725845,"[{'k8s_ws3d-assemblies-container_ws3d-assemblies-deployment-68fd8795b7-767vb_default_fe85b67c-3ee1-414e-9bd0-5a4774bad318_5': {'cpu': 0.01, 'memory': 0.32}}, {'k8s_ws3d-assemblies-container_ws3d-assemblies-deployment-68fd8795b7-2ld9z_default_7c9ff908-482d-436b-bf33-19744c7f722b_5': {'cpu': 0.02, 'memory': 0.31}}, {'k8s_ws3d-assemblies-container_ws3d-assemblies-deployment-68fd8795b7-7xbsc_default_d67262cc-3af6-4ec3-b51a-9984968e2b70_5': {'cpu': 0.01, 'memory': 0.32}}]","[{'k8s_ws3d-textures-container_ws3d-textures-deployment-54c56cf96d-qqz89_default_d7d0c096-8f13-407b-b2cc-1a0b35778850_5': {'cpu': 0.02, 'memory': 0.3}}, {'k8s_ws3d-textures-container_ws3d-textures-deployment-54c56cf96d-q2jb6_default_ac296f3e-4a9b-45b0-876d-2995e4804f50_5': {'cpu': 0.02, 'memory': 0.31}}, {'k8s_ws3d-textures-container_ws3d-textures-deployment-54c56cf96d-ztcxv_default_b0424eeb-9464-4b80-ae8e-c3c5384e32c3_5': {'cpu': 0.02, 'memory': 0.32}}]","[{'k8s_ws3d-utils-container_ws3d-utils-deployment-5f87b87585-nhzl5_default_1957e382-12dd-4807-8dea-3b2dd442e2ec_1': {'cpu': 0.02, 'memory': 0.31}}, {'k8s_ws3d-utils-container_ws3d-utils-deployment-5f87b87585-6kl2x_default_330ffd66-181a-44d5-a07a-9c9e7bb7cf13_1': {'cpu': 0.02, 'memory': 0.31}}, {'k8s_ws3d-utils-container_ws3d-utils-deployment-5f87b87585-dr7f4_default_e656becc-9e50-4ce8-9064-bc47f86729af_1': {'cpu': 0.01, 'memory': 0.32}}]","[{'k8s_ws3d-blender-container_ws3d-blender-deployment-d5ff5b6bb-9vsnv_default_ce38a9b2-fe21-4a03-ab2c-1041f66cddfb_1': {'cpu': 137.8, 'memory': 3.36}}, {'k8s_ws3d-blender-container_ws3d-blender-deployment-d5ff5b6bb-f8qn2_default_028d4535-9f0f-43ef-ac16-e4cc1fc3b17d_1': {'cpu': 150.12, 'memory': 2.45}}, {'k8s_ws3d-blender-container_ws3d-blender-deployment-d5ff5b6bb-vxbpp_default_104fda27-8e56-468f-a9f9-ec5b1273df68_1': {'cpu': 0.01, 'memory': 1.24}}]","[{'k8s_ws3d-animations-container_ws3d-animations-deployment-5b5b9bfd4f-zs855_default_a2cd75d2-5c22-4af6-a5e8-af3d41d8a36c_5': {'cpu': 0.02, 'memory': 0.33}}, {'k8s_ws3d-animations-container_ws3d-animations-deployment-5b5b9bfd4f-4lc96_default_3a6df3dc-37c2-4e17-a2a2-f5348709d02b_5': {'cpu': 0.02, 'memory': 0.33}}, {'k8s_ws3d-animations-container_ws3d-animations-deployment-5b5b9bfd4f-hdldc_default_1d728723-aeb0-4db7-b093-6d829903a5b9_5': {'cpu': 0.01, 'memory': 0.32}}]","[{'blender': {'cpu': 287.93, 'memory': 7.05}}, {'utils': {'cpu': 0.05, 'memory': 0.94}}, {'assemblies': {'cpu': 0.04, 'memory': 0.95}}, {'animations': {'cpu': 0.05, 'memory': 0.98}}, {'textures': {'cpu': 0.06, 'memory': 0.93}}]"
1,micro_3,Op-7,"[6.89, 6.89, 6.42]","[48.3, 45.9, 54.7]","[[8.2, 97.0], [22.0, 89.8], [98.0, 14.1]]","[51.4, 51.5, 51.3]",1685435203.6388116,"[{'k8s_ws3d-assemblies-container_ws3d-assemblies-deployment-68fd8795b7-767vb_default_fe85b67c-3ee1-414e-9bd0-5a4774bad318_5': {'cpu': 0.0, 'memory': 0.32}}, {'k8s_ws3d-assemblies-container_ws3d-assemblies-deployment-68fd8795b7-2ld9z_default_7c9ff908-482d-436b-bf33-19744c7f722b_5': {'cpu': 0.01, 'memory': 0.31}}, {'k8s_ws3d-assemblies-container_ws3d-assemblies-deployment-68fd8795b7-7xbsc_default_d67262cc-3af6-4ec3-b51a-9984968e2b70_5': {'cpu': 0.01, 'memory': 0.32}}]","[{'k8s_ws3d-textures-container_ws3d-textures-deployment-54c56cf96d-qqz89_default_d7d0c096-8f13-407b-b2cc-1a0b35778850_5': {'cpu': 0.01, 'memory': 0.3}}, {'k8s_ws3d-textures-container_ws3d-textures-deployment-54c56cf96d-q2jb6_default_ac296f3e-4a9b-45b0-876d-2995e4804f50_5': {'cpu': 0.01, 'memory': 0.3}}, {'k8s_ws3d-textures-container_ws3d-textures-deployment-54c56cf96d-ztcxv_default_b0424eeb-9464-4b80-ae8e-c3c5384e32c3_5': {'cpu': 0.01, 'memory': 0.32}}]","[{'k8s_ws3d-utils-container_ws3d-utils-deployment-5f87b87585-nhzl5_default_1957e382-12dd-4807-8dea-3b2dd442e2ec_1': {'cpu': 0.01, 'memory': 0.31}}, {'k8s_ws3d-utils-container_ws3d-utils-deployment-5f87b87585-6kl2x_default_330ffd66-181a-44d5-a07a-9c9e7bb7cf13_1': {'cpu': 0.01, 'memory': 0.31}}, {'k8s_ws3d-utils-container_ws3d-utils-deployment-5f87b87585-dr7f4_default_e656becc-9e50-4ce8-9064-bc47f86729af_1': {'cpu': 0.01, 'memory': 0.32}}]","[{'k8s_ws3d-blender-container_ws3d-blender-deployment-d5ff5b6bb-9vsnv_default_ce38a9b2-fe21-4a03-ab2c-1041f66cddfb_1': {'cpu': 0.01, 'memory': 2.04}}, {'k8s_ws3d-blender-container_ws3d-blender-deployment-d5ff5b6bb-f8qn2_default_028d4535-9f0f-43ef-ac16-e4cc1fc3b17d_1': {'cpu': 100.29, 'memory': 2.42}}, {'k8s_ws3d-blender-container_ws3d-blender-deployment-d5ff5b6bb-vxbpp_default_104fda27-8e56-468f-a9f9-ec5b1273df68_1': {'cpu': 0.01, 'memory': 1.24}}]","[{'k8s_ws3d-animations-container_ws3d-animations-deployment-5b5b9bfd4f-zs855_default_a2cd75d2-5c22-4af6-a5e8-af3d41d8a36c_5': {'cpu': 0.01, 'memory': 0.33}}, {'k8s_ws3d-animations-container_ws3d-animations-deployment-5b5b9bfd4f-4lc96_default_3a6df3dc-37c2-4e17-a2a2-f5348709d02b_5': {'cpu': 0.01, 'memory': 0.33}}, {'k8s_ws3d-animations-container_ws3d-animations-deployment-5b5b9bfd4f-hdldc_default_1d728723-aeb0-4db7-b093-6d829903a5b9_5': {'cpu': 0.01, 'memory': 0.32}}]","[{'blender': {'cpu': 100.31, 'memory': 5.7}}, {'utils': {'cpu': 0.03, 'memory': 0.94}}, {'assemblies': {'cpu': 0.02, 'memory': 0.95}}, {'animations': {'cpu': 0.03, 'memory': 0.98}}, {'textures': {'cpu': 0.03, 'memory': 0.92}}]"
2,micro_3,Op-9,"[4.63, 4.42, 4.42]","[32.7, 51.6, 56.1]","[[11.0, 100.0], [74.4, 40.0], [97.1, 6.3]]","[50.7, 50.9, 50.9]",1685435241.3578184,"[{'k8s_ws3d-assemblies-container_ws3d-assemblies-deployment-68fd8795b7-767vb_default_fe85b67c-3ee1-414e-9bd0-5a4774bad318_5': {'cpu': 0.01, 'memory': 0.32}}, {'k8s_ws3d-assemblies-container_ws3d-assemblies-deployment-68fd8795b7-2ld9z_default_7c9ff908-482d-436b-bf33-19744c7f722b_5': {'cpu': 0.01, 'memory': 0.31}}, {'k8s_ws3d-assemblies-container_ws3d-assemblies-deployment-68fd8795b7-7xbsc_default_d67262cc-3af6-4ec3-b51a-9984968e2b70_5': {'cpu': 0.01, 'memory': 0.32}}]","[{'k8s_ws3d-textures-container_ws3d-textures-deployment-54c56cf96d-qqz89_default_d7d0c096-8f13-407b-b2cc-1a0b35778850_5': {'cpu': 0.01, 'memory': 0.3}}, {'k8s_ws3d-textures-container_ws3d-textures-deployment-54c56cf96d-q2jb6_default_ac296f3e-4a9b-45b0-876d-2995e4804f50_5': {'cpu': 0.01, 'memory': 0.3}}, {'k8s_ws3d-textures-container_ws3d-textures-deployment-54c56cf96d-ztcxv_default_b0424eeb-9464-4b80-ae8e-c3c5384e32c3_5': {'cpu': 0.01, 'memory': 0.32}}]","[{'k8s_ws3d-utils-container_ws3d-utils-deployment-5f87b87585-nhzl5_default_1957e382-12dd-4807-8dea-3b2dd442e2ec_1': {'cpu': 0.01, 'memory': 0.31}}, {'k8s_ws3d-utils-container_ws3d-utils-deployment-5f87b87585-6kl2x_default_330ffd66-181a-44d5-a07a-9c9e7bb7cf13_1': {'cpu': 0.01, 'memory': 0.31}}, {'k8s_ws3d-utils-container_ws3d-utils-deployment-5f87b87585-dr7f4_default_e656becc-9e50-4ce8-9064-bc47f86729af_1': {'cpu': 0.01, 'memory': 0.32}}]","[{'k8s_ws3d-blender-container_ws3d-blender-deployment-d5ff5b6bb-9vsnv_default_ce38a9b2-fe21-4a03-ab2c-1041f66cddfb_1': {'cpu': 0.01, 'memory': 2.04}}, {'k8s_ws3d-blender-container_ws3d-blender-deployment-d5ff5b6bb-f8qn2_default_028d4535-9f0f-43ef-ac16-e4cc1fc3b17d_1': {'cpu': 97.14, 'memory': 2.44}}, {'k8s_ws3d-blender-container_ws3d-blender-deployment-d5ff5b6bb-vxbpp_default_104fda27-8e56-468f-a9f9-ec5b1273df68_1': {'cpu': 0.01, 'memory': 1.24}}]","[{'k8s_ws3d-animations-container_ws3d-animations-deployment-5b5b9bfd4f-zs855_default_a2cd75d2-5c22-4af6-a5e8-af3d41d8a36c_5': {'cpu': 0.01, 'memory': 0.33}}, {'k8s_ws3d-animations-container_ws3d-animations-deployment-5b5b9bfd4f-4lc96_default_3a6df3dc-37c2-4e17-a2a2-f5348709d02b_5': {'cpu': 0.01, 'memory': 0.33}}, {'k8s_ws3d-animations-container_ws3d-animations-deployment-5b5b9bfd4f-hdldc_default_1d728723-aeb0-4db7-b093-6d829903a5b9_5': {'cpu': 0.01, 'memory': 0.32}}]","[{'blender': {'cpu': 97.16, 'memory': 5.72}}, {'utils': {'cpu': 0.03, 'memory': 0.94}}, {'assemblies': {'cpu': 0.03, 'memory': 0.95}}, {'animations': {'cpu': 0.03, 'memory': 0.98}}, {'textures': {'cpu': 0.03, 'memory': 0.92}}]"
2,micro_3,Op-8,"[4.63, 4.42, 4.42]","[33.1, 51.6, 56.1]","[[11.0, 100.0], [74.4, 40.0], [97.1, 6.3]]","[50.7, 50.9, 50.9]",1685435241.3553874,"[{'k8s_ws3d-assemblies-container_ws3d-assemblies-deployment-68fd8795b7-767vb_default_fe85b67c-3ee1-414e-9bd0-5a4774bad318_5': {'cpu': 0.01, 'memory': 0.32}}, {'k8s_ws3d-assemblies-container_ws3d-assemblies-deployment-68fd8795b7-2ld9z_default_7c9ff908-482d-436b-bf33-19744c7f722b_5': {'cpu': 0.01, 'memory': 0.31}}, {'k8s_ws3d-assemblies-container_ws3d-assemblies-deployment-68fd8795b7-7xbsc_default_d67262cc-3af6-4ec3-b51a-9984968e2b70_5': {'cpu': 0.01, 'memory': 0.32}}]","[{'k8s_ws3d-textures-container_ws3d-textures-deployment-54c56cf96d-qqz89_default_d7d0c096-8f13-407b-b2cc-1a0b35778850_5': {'cpu': 0.01, 'memory': 0.3}}, {'k8s_ws3d-textures-container_ws3d-textures-deployment-54c56cf96d-q2jb6_default_ac296f3e-4a9b-45b0-876d-2995e4804f50_5': {'cpu': 0.01, 'memory': 0.3}}, {'k8s_ws3d-textures-container_ws3d-textures-deployment-54c56cf96d-ztcxv_default_b0424eeb-9464-4b80-ae8e-c3c5384e32c3_5': {'cpu': 0.01, 'memory': 0.32}}]","[{'k8s_ws3d-utils-container_ws3d-utils-deployment-5f87b87585-nhzl5_default_1957e382-12dd-4807-8dea-3b2dd442e2ec_1': {'cpu': 0.01, 'memory': 0.31}}, {'k8s_ws3d-utils-container_ws3d-utils-deployment-5f87b87585-6kl2x_default_330ffd66-181a-44d5-a07a-9c9e7bb7cf13_1': {'cpu': 0.01, 'memory': 0.31}}, {'k8s_ws3d-utils-container_ws3d-utils-deployment-5f87b87585-dr7f4_default_e656becc-9e50-4ce8-9064-bc47f86729af_1': {'cpu': 0.01, 'memory': 0.32}}]","[{'k8s_ws3d-blender-container_ws3d-blender-deployment-d5ff5b6bb-9vsnv_default_ce38a9b2-fe21-4a03-ab2c-1041f66cddfb_1': {'cpu': 0.01, 'memory': 2.04}}, {'k8s_ws3d-blender-container_ws3d-blender-deployment-d5ff5b6bb-f8qn2_default_028d4535-9f0f-43ef-ac16-e4cc1fc3b17d_1': {'cpu': 97.14, 'memory': 2.44}}, {'k8s_ws3d-blender-container_ws3d-blender-deployment-d5ff5b6bb-vxbpp_default_104fda27-8e56-468f-a9f9-ec5b1273df68_1': {'cpu': 0.01, 'memory': 1.24}}]","[{'k8s_ws3d-animations-container_ws3d-animations-deployment-5b5b9bfd4f-zs855_default_a2cd75d2-5c22-4af6-a5e8-af3d41d8a36c_5': {'cpu': 0.01, 'memory': 0.33}}, {'k8s_ws3d-animations-container_ws3d-animations-deployment-5b5b9bfd4f-4lc96_default_3a6df3dc-37c2-4e17-a2a2-f5348709d02b_5': {'cpu': 0.01, 'memory': 0.33}}, {'k8s_ws3d-animations-container_ws3d-animations-deployment-5b5b9bfd4f-hdldc_default_1d728723-aeb0-4db7-b093-6d829903a5b9_5': {'cpu': 0.01, 'memory': 0.32}}]","[{'blender': {'cpu': 97.16, 'memory': 5.72}}, {'utils': {'cpu': 0.03, 'memory': 0.94}}, {'assemblies': {'cpu': 0.03, 'memory': 0.95}}, {'animations': {'cpu': 0.03, 'memory': 0.98}}, {'textures': {'cpu': 0.03, 'memory': 0.92}}]"
1,micro_3,Op-9,"[3.15, 2.97, 2.97]","[27.5, 17.7, 9.0]","[[27.8, 18.6], [14.1, 6.9], [5.5, 10.4]]","[49.4, 49.4, 49.4]",1685435291.1274176,"[{'k8s_ws3d-assemblies-container_ws3d-assemblies-deployment-68fd8795b7-767vb_default_fe85b67c-3ee1-414e-9bd0-5a4774bad318_5': {'cpu': 0.01, 'memory': 0.32}}, {'k8s_ws3d-assemblies-container_ws3d-assemblies-deployment-68fd8795b7-2ld9z_default_7c9ff908-482d-436b-bf33-19744c7f722b_5': {'cpu': 0.02, 'memory': 0.31}}, {'k8s_ws3d-assemblies-container_ws3d-assemblies-deployment-68fd8795b7-7xbsc_default_d67262cc-3af6-4ec3-b51a-9984968e2b70_5': {'cpu': 0.01, 'memory': 0.32}}]","[{'k8s_ws3d-textures-container_ws3d-textures-deployment-54c56cf96d-qqz89_default_d7d0c096-8f13-407b-b2cc-1a0b35778850_5': {'cpu': 0.01, 'memory': 0.3}}, {'k8s_ws3d-textures-container_ws3d-textures-deployment-54c56cf96d-q2jb6_default_ac296f3e-4a9b-45b0-876d-2995e4804f50_5': {'cpu': 0.01, 'memory': 0.3}}, {'k8s_ws3d-textures-container_ws3d-textures-deployment-54c56cf96d-ztcxv_default_b0424eeb-9464-4b80-ae8e-c3c5384e32c3_5': {'cpu': 0.01, 'memory': 0.32}}]","[{'k8s_ws3d-utils-container_ws3d-utils-deployment-5f87b87585-nhzl5_default_1957e382-12dd-4807-8dea-3b2dd442e2ec_1': {'cpu': 0.01, 'memory': 0.31}}, {'k8s_ws3d-utils-container_ws3d-utils-deployment-5f87b87585-6kl2x_default_330ffd66-181a-44d5-a07a-9c9e7bb7cf13_1': {'cpu': 0.01, 'memory': 0.31}}, {'k8s_ws3d-utils-container_ws3d-utils-deployment-5f87b87585-dr7f4_default_e656becc-9e50-4ce8-9064-bc47f86729af_1': {'cpu': 0.01, 'memory': 0.32}}]","[{'k8s_ws3d-blender-container_ws3d-blender-deployment-d5ff5b6bb-9vsnv_default_ce38a9b2-fe21-4a03-ab2c-1041f66cddfb_1': {'cpu': 0.02, 'memory': 2.04}}, {'k8s_ws3d-blender-container_ws3d-blender-deployment-d5ff5b6bb-f8qn2_default_028d4535-9f0f-43ef-ac16-e4cc1fc3b17d_1': {'cpu': 0.01, 'memory': 1.16}}, {'k8s_ws3d-blender-container_ws3d-blender-deployment-d5ff5b6bb-vxbpp_default_104fda27-8e56-468f-a9f9-ec5b1273df68_1': {'cpu': 0.01, 'memory': 1.24}}]","[{'k8s_ws3d-animations-container_ws3d-animations-deployment-5b5b9bfd4f-zs855_default_a2cd75d2-5c22-4af6-a5e8-af3d41d8a36c_5': {'cpu': 0.01, 'memory': 0.33}}, {'k8s_ws3d-animations-container_ws3d-animations-deployment-5b5b9bfd4f-4lc96_default_3a6df3dc-37c2-4e17-a2a2-f5348709d02b_5': {'cpu': 0.01, 'memory': 0.33}}, {'k8s_ws3d-animations-container_ws3d-animations-deployment-5b5b9bfd4f-hdldc_default_1d728723-aeb0-4db7-b093-6d829903a5b9_5': {'cpu': 0.02, 'memory': 0.32}}]","[{'blender': {'cpu': 0.04, 'memory': 4.44}}, {'utils': {'cpu': 0.03, 'memory': 0.94}}, {'assemblies': {'cpu': 0.04, 'memory': 0.95}}, {'animations': {'cpu': 0.04, 'memory': 0.98}}, {'textures': {'cpu': 0.03, 'memory': 0.92}}]"
1,micro_3,Op-8,"[3.15, 2.97, 2.97]","[27.5, 17.7, 9.0]","[[27.5, 18.6], [14.1, 6.9], [5.5, 10.4]]","[49.4, 49.4, 49.4]",1685435291.1253293,"[{'k8s_ws3d-assemblies-container_ws3d-assemblies-deployment-68fd8795b7-767vb_default_fe85b67c-3ee1-414e-9bd0-5a4774bad318_5': {'cpu': 0.01, 'memory': 0.32}}, {'k8s_ws3d-assemblies-container_ws3d-assemblies-deployment-68fd8795b7-2ld9z_default_7c9ff908-482d-436b-bf33-19744c7f722b_5': {'cpu': 0.02, 'memory': 0.31}}, {'k8s_ws3d-assemblies-container_ws3d-assemblies-deployment-68fd8795b7-7xbsc_default_d67262cc-3af6-4ec3-b51a-9984968e2b70_5': {'cpu': 0.01, 'memory': 0.32}}]","[{'k8s_ws3d-textures-container_ws3d-textures-deployment-54c56cf96d-qqz89_default_d7d0c096-8f13-407b-b2cc-1a0b35778850_5': {'cpu': 0.01, 'memory': 0.3}}, {'k8s_ws3d-textures-container_ws3d-textures-deployment-54c56cf96d-q2jb6_default_ac296f3e-4a9b-45b0-876d-2995e4804f50_5': {'cpu': 0.01, 'memory': 0.3}}, {'k8s_ws3d-textures-container_ws3d-textures-deployment-54c56cf96d-ztcxv_default_b0424eeb-9464-4b80-ae8e-c3c5384e32c3_5': {'cpu': 0.01, 'memory': 0.32}}]","[{'k8s_ws3d-utils-container_ws3d-utils-deployment-5f87b87585-nhzl5_default_1957e382-12dd-4807-8dea-3b2dd442e2ec_1': {'cpu': 0.01, 'memory': 0.31}}, {'k8s_ws3d-utils-container_ws3d-utils-deployment-5f87b87585-6kl2x_default_330ffd66-181a-44d5-a07a-9c9e7bb7cf13_1': {'cpu': 0.01, 'memory': 0.31}}, {'k8s_ws3d-utils-container_ws3d-utils-deployment-5f87b87585-dr7f4_default_e656becc-9e50-4ce8-9064-bc47f86729af_1': {'cpu': 0.01, 'memory': 0.32}}]","[{'k8s_ws3d-blender-container_ws3d-blender-deployment-d5ff5b6bb-9vsnv_default_ce38a9b2-fe21-4a03-ab2c-1041f66cddfb_1': {'cpu': 0.02, 'memory': 2.04}}, {'k8s_ws3d-blender-container_ws3d-blender-deployment-d5ff5b6bb-f8qn2_default_028d4535-9f0f-43ef-ac16-e4cc1fc3b17d_1': {'cpu': 0.01, 'memory': 1.16}}, {'k8s_ws3d-blender-container_ws3d-blender-deployment-d5ff5b6bb-vxbpp_default_104fda27-8e56-468f-a9f9-ec5b1273df68_1': {'cpu': 0.01, 'memory': 1.24}}]","[{'k8s_ws3d-animations-container_ws3d-animations-deployment-5b5b9bfd4f-zs855_default_a2cd75d2-5c22-4af6-a5e8-af3d41d8a36c_5': {'cpu': 0.01, 'memory': 0.33}}, {'k8s_ws3d-animations-container_ws3d-animations-deployment-5b5b9bfd4f-4lc96_default_3a6df3dc-37c2-4e17-a2a2-f5348709d02b_5': {'cpu': 0.01, 'memory': 0.33}}, {'k8s_ws3d-animations-container_ws3d-animations-deployment-5b5b9bfd4f-hdldc_default_1d728723-aeb0-4db7-b093-6d829903a5b9_5': {'cpu': 0.02, 'memory': 0.32}}]","[{'blender': {'cpu': 0.04, 'memory': 4.44}}, {'utils': {'cpu': 0.03, 'memory': 0.94}}, {'assemblies': {'cpu': 0.04, 'memory': 0.95}}, {'animations': {'cpu': 0.04, 'memory': 0.98}}, {'textures': {'cpu': 0.03, 'memory': 0.92}}]"
